recipient_Name,recipient_Type,requirement_Date,long,lat,qty,pork,beef,mutton,poultry,fish,cabbage,lettuce,onions,potato,tomato,broccoli,carrot,cucumber,mushroom,rice,noodles,egg,peanut,soy,nut_A,q_Nut_A,egg_A,q_Egg_A,soy_A,q_Soy_A
Serenity Haven,Old Folks Home,2024-06-24,102.972,1.398,109,4.37,2.28,4.65,1.32,1.41,4.09,4.21,2.7,2.15,3.79,4.69,4.35,4.84,1.5,2.88,2.62,3.11,1.33,1.4,N,0,Y,19,Y,3
Golden Years Retreat,Old Folks Home,2024-07-29,103.85,0.893,85,3.65,3.28,1.78,5,2.72,1.63,3.68,1.04,2.45,3.62,1.47,1.05,4.63,3,3.81,2.32,4.24,2.25,0.85,N,0,N,0,N,0
Peaceful Meadows,Old Folks Home,2024-07-16,103.543,1.735,51,2.06,3,1.51,2.18,4.54,2.72,1.06,2.51,1.79,2.01,3.49,2,4.89,2.1,3.98,2.43,3.09,4.64,1.9,N,0,Y,19,N,0
Elderwood Residence,Old Folks Home,2024-06-30,103.167,0.469,102,3.95,1.44,2.2,2.82,1.61,4.03,3.65,2.94,3.57,1.29,2.7,4.42,3.73,4.68,4.32,3.98,4.96,1.13,3.78,Y,3,N,0,N,0
Sunset Villa,Old Folks Home,2024-05-21,103.053,1.957,64,1.87,4.58,3.89,3.61,2.94,3.56,2.6,3.23,3.79,1.55,2.32,4.58,3.54,2.36,3.42,3.07,3.37,4.6,1.31,Y,13,Y,16,Y,8
Autumn Ridge,Old Folks Home,2024-06-10,104.165,1.454,104,4.86,3.31,2.47,2.83,1.8,2.48,2.32,3.18,4.69,2.46,1.03,4.73,1.88,1.15,0.84,4.13,2.6,0.87,4.67,N,0,N,0,Y,17
Tranquil Pines,Old Folks Home,2024-07-12,103.422,1.25,100,2.59,2.94,4.23,0.89,4.53,4.88,1.88,1.66,3.52,3.65,2.59,2.61,3.73,2.09,2.79,1.58,1.96,1.2,4.14,Y,12,Y,3,Y,6
Silver Crest Home,Old Folks Home,2024-06-11,104.644,1.827,96,3.14,2.12,4.79,1.3,4.28,1.73,1.92,2.38,2.1,3.27,1.37,3.83,3.95,1.92,4.59,0.83,4.18,4.57,2.95,N,0,N,0,Y,12
Harmony House,Old Folks Home,2024-05-10,104.245,0.297,72,3.1,2.77,3.84,3.05,1.25,4.23,1.74,4.65,2.73,1.25,1.37,4.3,4.35,2.18,1.82,1.51,3.09,1.03,3.83,Y,12,Y,10,Y,12
Whispering Pines,Old Folks Home,2024-06-06,104.524,2.098,74,3.91,3.68,1.04,1.39,2.99,2.25,4.06,4.2,0.83,3.73,3.11,4.92,3.7,3.52,1.67,1.89,2.31,4.54,3.84,N,0,Y,6,Y,18
Graceful Living,Old Folks Home,2024-07-04,103.312,1.384,94,2.76,3.81,2.08,1.99,2.28,1.89,3.98,3.25,4.82,1.43,2.16,2.8,4.5,2.7,3.59,4.69,3.97,1.42,3.69,N,0,Y,13,N,0
Timeless Haven,Old Folks Home,2024-06-27,103.992,1.39,68,1.76,3.32,4.54,4.52,2.07,3.18,4.49,3.86,4.61,1.36,4.21,2.57,1.68,4.25,3.18,1.31,4.21,4.55,2.62,Y,2,Y,2,N,0
Sunnyvale Manor,Old Folks Home,2024-06-08,104.193,1.006,57,1.73,1.57,0.88,4.36,4.22,4.58,3.71,3.56,4.24,3.05,2.51,3.84,3.59,4.63,4.65,1.13,2.92,2.92,3.14,Y,12,N,0,N,0
Heritage Home,Old Folks Home,2024-07-24,104.544,0.994,66,3.91,4.84,1.01,3.6,3.46,4.27,1.07,3.3,1.24,3.38,4.82,3.83,2.83,4.42,0.95,3.9,4.5,2.75,4.59,Y,10,N,0,Y,9
Evergreen Lodge,Old Folks Home,2024-07-02,104.664,2.05,81,3.64,1.98,3.52,1.25,4.39,2.47,4.81,2.42,4.26,2.23,1.35,3.33,3.02,1.94,1.65,1.7,1.1,2.95,1.99,N,0,N,0,N,0
Loving Arms,Old Folks Home,2024-05-02,103.967,1.287,91,3.1,3.48,2.11,1.26,1.04,2.85,4.8,2.29,2.91,2.49,3.68,1.37,1.91,1.24,1.26,3.46,3.17,2.81,4.12,N,0,N,0,N,0
Sapphire Springs,Old Folks Home,2024-07-01,103.606,1.554,99,2.06,4.01,2.94,3.21,2.15,1.18,1.19,2.17,0.96,1.19,1.14,3.12,4.58,2.57,3.83,2.04,1.6,2.37,2.17,N,0,Y,9,N,0
Golden Horizons,Old Folks Home,2024-05-02,104.799,1.03,75,2.83,4.08,3.42,1.06,3.51,1.07,1.24,2.76,4.13,3.43,4.66,1.47,2.66,4.89,1.92,2.28,2.07,4.4,4.66,Y,12,N,0,N,0
Rosewood Gardens,Old Folks Home,2024-07-06,103.108,0.611,112,1.42,3.76,3.34,1.03,1.2,3.75,1.61,2.95,0.94,4.16,4.51,3.55,2.28,3.91,4.6,4.8,0.99,3.22,2.58,Y,12,Y,7,N,0
Meadowbrook Manor,Old Folks Home,2024-05-04,103.333,0.955,103,2.57,4.71,1.18,1.49,3.85,3.3,0.86,4.32,2.49,1.77,3.22,3.13,4.75,3.31,3.86,2.64,2.43,2.68,4.41,N,0,N,0,Y,13
Gentle Care Home,Old Folks Home,2024-06-28,103.909,0.395,70,3.95,1.56,4.63,3.32,1.44,2.68,1.94,4.03,1.98,1.85,1.28,2.81,1.56,2.23,3.75,1.36,4.44,2.94,2.74,N,0,N,0,Y,3
Pleasant Valley,Old Folks Home,2024-06-11,102.975,0.446,70,4.59,4.57,4.17,2.46,0.99,2.81,3.08,2.55,4.02,1.94,3.26,1.37,1.44,3.68,4.38,4.13,4.08,3.75,3.37,N,0,Y,7,Y,2
Caring Hands Residence,Old Folks Home,2024-05-24,104.447,0.835,108,1.17,1.56,4.9,3.16,1.07,0.93,4.34,3.48,3.17,4.4,0.95,3.85,1.46,2.42,1.3,2.61,2.63,1.33,1.51,Y,13,Y,7,Y,10
Pine Grove Lodge,Old Folks Home,2024-07-15,103.471,1.636,82,1.25,2.58,0.88,0.96,4.39,3.07,4.67,2.91,3.34,3.49,4.67,1.67,4.05,1.56,3.55,4.16,2.18,2.29,2.53,Y,17,Y,18,Y,18
Heartland Haven,Old Folks Home,2024-05-22,103.982,0.29,82,3.44,3.38,4.29,1.46,1.44,1.43,4.13,2.69,4.31,4.78,4.79,2.42,4.55,2.42,3.97,3.3,2.67,2.05,1.16,N,0,Y,12,N,0
Oakwood Oasis,Old Folks Home,2024-06-02,103.6,2.133,75,4.07,1.42,3.21,2.32,3.02,3.99,3.76,4.65,3.55,4.46,1.41,0.92,2.06,1.21,1.22,4.16,2.37,1.32,1.54,Y,9,Y,15,N,0
Evergreen Meadows,Old Folks Home,2024-07-02,104.449,1.179,77,4.07,2.15,4.91,0.85,4.98,4.8,2.32,2.61,3.27,4.13,2.98,4.79,1.16,2.34,4.82,0.93,1.39,2.2,3.08,N,0,N,0,Y,4
Bluebird Court,Old Folks Home,2024-05-18,102.864,0.958,50,2.71,4.3,4.9,1.62,2.78,1.24,3.09,1.48,1.35,4.89,4.63,3.92,1.17,1.16,1.87,3.99,3.16,1.86,4.32,Y,10,Y,8,Y,4
Golden Meadows,Old Folks Home,2024-07-30,103.314,1.362,120,3.67,3.13,2.2,2.33,1.73,4.82,2.86,2.92,1.04,4.27,1.97,2.89,4.82,2.96,4.82,4.16,1.05,3.54,1.06,Y,12,Y,2,N,0
Cozy Cottage,Old Folks Home,2024-06-28,103.449,1.574,85,1.69,1.03,4.17,0.99,3.98,2.66,3.18,1.56,2.67,3.54,4.62,4.62,2.6,3.99,2.14,2.45,1.59,4.77,2.12,N,0,N,0,Y,4
Twilight Retreat,Old Folks Home,2024-05-10,103.698,1.926,104,3.94,4.92,4.96,2.24,4.43,3.41,1.05,3.14,3.5,1.97,4.48,1.95,1.54,2.35,4.38,2.14,4.42,1.68,1.37,N,0,N,0,N,0
Cedar Grove,Old Folks Home,2024-05-11,104.402,0.544,112,3.24,2.44,4.57,4.76,2.58,2.27,1.27,1.17,3.62,1.77,4.58,1.01,0.98,3.42,3.31,2.38,1.94,4.29,3.07,N,0,Y,17,N,0
Serenity Springs,Old Folks Home,2024-06-17,104.611,1.595,63,1.69,3.5,3.09,0.99,4.92,1.33,2.09,3.18,4.7,3.67,1.78,3.83,1.14,4.68,4.64,1.75,2.67,3.9,3.74,N,0,N,0,N,0
Maplewood Manor,Old Folks Home,2024-07-10,104.498,1.314,113,1.03,4.18,2.9,2.35,2.07,2.88,3.34,3.52,2.87,3.01,1.46,2.95,1.76,3.56,1.72,0.82,2.91,3.76,1.92,Y,7,N,0,Y,12
Peaceful Pines,Old Folks Home,2024-05-02,104.616,1.128,66,1.36,2.6,1.87,1.9,0.81,2.75,4.6,3.88,0.84,4.45,3.74,3.88,2.55,3.33,4.66,1.53,1.96,3.09,4.45,Y,7,N,0,N,0
Tranquil Terrace,Old Folks Home,2024-05-06,103.444,1.475,58,3.19,4.49,3.62,3.34,2.81,1.1,4.16,2.92,1.45,2.84,3.55,3.15,3.49,2.02,1.77,4.21,2.1,1.66,3.5,N,0,Y,14,N,0
Crystal Waters,Old Folks Home,2024-06-12,104.009,0.352,96,3.56,1.81,3.35,1.94,4.94,0.89,2.7,3.41,1.11,4.35,2.32,3.58,2.3,1.87,4.71,2.37,2.12,3.28,1.61,Y,13,N,0,Y,18
Willow Brook,Old Folks Home,2024-07-22,103.537,0.99,51,1.69,1.7,2.95,3.78,4.39,2.12,4.2,4.17,4.52,3.11,0.83,1.98,4.58,1.59,0.89,3.96,4.88,2.27,4.57,N,0,N,0,N,0
Autumn Breeze,Old Folks Home,2024-06-23,103.984,0.73,75,4.67,2.79,1.65,2.3,4.33,4.87,3.23,2.12,3.66,3.25,4.98,1.91,1.12,0.87,2.77,4.83,3.37,4.23,3.61,Y,3,N,0,N,0
Golden Oaks,Old Folks Home,2024-06-31,103.828,1.646,92,2.78,3.04,2.28,2.66,2.35,4.47,4.4,2.7,2.35,2.95,2.51,4.41,3.67,4.71,2.22,2.97,2.09,2.91,0.98,N,0,Y,17,Y,10
Sagewood Sanctuary,Old Folks Home,2024-06-30,104.749,1.305,98,1.04,2.99,3.03,0.98,1.57,2.48,2.92,4.59,2.3,2.72,1.6,3.88,4.63,3.13,4.94,2.07,2.27,3.79,3.61,N,0,Y,19,N,0
Silver Birch Home,Old Folks Home,2024-06-05,104.051,1.425,54,4.73,2.22,4.67,2.73,1.93,1.92,2.08,3.32,4.3,2.92,2.12,2,2.58,2.1,4.18,1.97,3.63,3.27,2.49,N,0,N,0,N,0
Lakeside Lodge,Old Folks Home,2024-06-16,102.917,0.784,101,2.43,1.3,4.27,4.09,2.54,4.34,2.1,2.83,2.69,2.67,0.81,2.82,3.08,2.43,1.56,3.13,4.74,2.29,1.1,Y,19,N,0,N,0
Magnolia Manor,Old Folks Home,2024-05-19,104.817,0.76,90,2.78,3.3,3.45,3.81,2.75,2.58,3.51,3.82,1,3.27,4.08,1.26,1.35,4.54,1.54,4.09,4.29,4.41,1.1,Y,18,N,0,N,0
Harvest Home,Old Folks Home,2024-06-26,103.665,0.968,67,0.83,1.86,4,1.95,1.47,4.67,0.83,1.25,4.73,4.08,1.44,2.84,4.45,1.79,4.09,2.87,2.36,4.82,2.3,N,0,Y,16,N,0
Sunny Meadows,Old Folks Home,2024-06-02,104.696,0.367,114,4.65,4.83,1.72,3.3,4.84,4.04,4.96,3.52,4.21,4.71,3.98,2.08,2.29,2.12,3.29,4.02,1.73,3.79,2.13,Y,13,N,0,Y,12
Elderflower Haven,Old Folks Home,2024-06-12,103.451,0.644,68,3.83,3.26,3.29,4.51,2.53,1.39,2.77,3.65,1.19,4.06,1.41,1.25,1.42,3.87,1.77,3.98,3.7,3.14,4.91,Y,15,N,0,N,0
Silver Shores,Old Folks Home,2024-07-13,104.212,1.76,92,1.99,1.4,1.96,3.9,1.58,3.2,3.51,1.96,1.57,1.53,3.34,3.76,4.27,3.86,3.64,1.96,2.41,4.01,2.13,Y,9,Y,2,Y,4
Morning Glory Home,Old Folks Home,2024-07-07,104.174,1.589,76,2.36,2.21,1.76,4.15,0.95,4.07,2.42,2.36,3.7,1.33,4.19,3.85,2.37,2.7,1.84,4.48,1.8,1.61,4.56,Y,15,Y,7,N,0
Golden Haven,Old Folks Home,2024-06-19,104.505,0.748,64,3.12,4.15,3.74,3.8,3.48,4.94,1.97,3.39,4.36,2.22,4.16,2.23,1.27,2.55,4.85,4.8,1.81,1.42,1.14,Y,16,Y,12,Y,15
Rose Petal Residence,Old Folks Home,2024-07-20,103.07,1.294,62,3.28,2.9,3.36,3.03,1.75,4.27,1.15,3.95,4.7,2.56,4.59,3.22,1.08,3.96,4.44,0.92,3.71,4.18,3.06,N,0,Y,7,Y,4
Sunnydale Retreat,Old Folks Home,2024-07-28,103.347,1.003,124,1.43,3.24,2.81,3.56,3.53,2.46,2.51,1.32,1.57,1.42,3.08,2.7,1,4.23,3.43,3.68,1.57,2.52,2.99,Y,4,N,0,N,0
Whispering Willows,Old Folks Home,2024-05-28,103.555,0.509,115,4.23,1.89,1.96,0.99,2.87,2.37,0.88,3.49,3.53,4.27,2.93,1.71,3.56,2.63,2.85,1.43,4.56,4.73,4.01,Y,12,N,0,Y,14
Pine Haven,Old Folks Home,2024-05-29,102.9,1.086,107,4.81,2.5,2.28,4.99,2.55,1.37,1.47,1.4,2.86,0.88,1.32,3.74,2.41,2.91,3.34,3.61,3.02,1.7,4.42,Y,9,Y,17,Y,13
Golden Glen,Old Folks Home,2024-06-17,103.792,1.8,101,2.67,3.73,2.74,1.35,1.86,1.31,4.54,4.18,2.55,4.7,2.38,4.6,1.58,3.46,1.26,1.26,3.46,1.72,1.03,Y,19,Y,2,N,0
Sapphire Haven,Old Folks Home,2024-06-12,103.089,0.415,68,1.9,4.17,3.27,1.74,3.03,2.93,1.97,0.92,1.31,3.9,4.87,4.71,2.21,1.87,2.82,2.65,2.07,2.82,3.57,N,0,Y,8,Y,8
Tranquility Place,Old Folks Home,2024-06-13,103.42,1.442,74,2.09,1.66,4.71,2.8,3.47,2.26,1.2,3.6,2.22,3.18,4.05,1.18,1.84,2.3,4.61,3.41,1.03,4.14,4.73,N,0,Y,3,Y,19
Cedar Ridge,Old Folks Home,2024-05-09,103.855,1.558,108,0.87,4.72,3.77,4.29,3.17,1.84,3.03,1.91,1.19,1.4,1.97,2.21,1.76,0.94,0.94,2.21,3.73,1.37,3.08,N,0,Y,17,Y,3
Graceful Gardens,Old Folks Home,2024-05-02,103.439,2.041,93,2.51,1.33,3.62,4.29,0.98,1.71,0.98,2.28,2.83,3.5,4.09,3.62,1.52,0.91,2.42,4.26,3.68,1.84,3.56,Y,2,N,0,Y,17
Meadowlark Manor,Old Folks Home,2024-06-14,103.314,1.188,63,3.63,4.74,1.55,3.45,3.17,4.64,2.88,4,2.96,3.79,3.07,4.76,2.57,2.73,3.53,4.44,4.79,2.47,1.95,N,0,N,0,Y,6
Oak Tree Lodge,Old Folks Home,2024-05-14,103.887,1.564,77,4.36,4.29,3.05,0.83,2.13,2.74,1.02,1.52,3.64,4.74,3.27,1.31,2.33,2.46,2.32,3.72,1.77,4.62,1.32,Y,16,Y,19,Y,4
Pleasant Grove,Old Folks Home,2024-06-16,103.471,1.415,105,4.48,3.29,2.54,2.29,3.77,2.42,3.6,2.92,1.51,2.53,3.6,0.83,2.34,2.33,1.64,4.27,3.91,1.39,1.58,Y,11,Y,13,N,0
Elderwood Estates,Old Folks Home,2024-07-31,104.162,1.085,65,0.92,1.21,4.5,2.89,3.12,1.79,2.79,1.34,3.63,4.12,4.81,0.97,2.62,3.07,5,3.89,4.18,4.25,4.49,Y,14,Y,14,N,0
Golden Valley,Old Folks Home,2024-06-27,103.046,1.635,66,3.75,0.83,1.98,2.72,2.59,1.09,3.73,1.42,2.29,4.52,1.54,4.04,2.94,3.8,2.26,2.25,2.77,4.59,2.04,N,0,Y,12,Y,12
Peaceful Pathways,Old Folks Home,2024-06-06,103.817,1.318,79,4.83,3.97,1.9,3.65,4.58,1.18,2.52,4.41,4.55,3.45,1.1,4.89,3.39,3.03,4.12,1.36,1.28,3.8,2.19,N,0,Y,10,N,0
Serenity Villa,Old Folks Home,2024-07-24,102.921,2.089,77,4.96,4.37,1.39,2.76,2.55,4.49,3.57,1.15,4.69,1.36,1.38,4.57,2.62,1.36,3.14,2.58,1.39,3.61,0.88,N,0,N,0,Y,17
Sweetwater Lodge,Old Folks Home,2024-07-02,103.942,1.908,56,1.3,1.26,3.93,2.04,2.11,4.81,0.87,1.65,4.69,4.65,4.78,3.76,1.67,4.79,3.59,2.97,4.24,3.49,2.16,N,0,N,0,N,0
Blue Sky Home,Old Folks Home,2024-05-23,103.957,0.801,108,2.08,3.38,3.72,2.32,3.59,2.82,2.47,3.48,1.42,3.97,4.39,2.78,1.09,4.7,3.19,3.61,0.83,4.84,1.67,N,0,N,0,Y,5
Meadowlands Manor,Old Folks Home,2024-05-09,103.434,2.256,61,1.69,4.16,4.73,1.48,4.68,2.84,1.77,0.93,3.55,1.17,3.3,3.62,3.07,3.63,2.94,3.26,2.52,1.54,4.22,Y,6,Y,18,Y,13
Tranquil Shores,Old Folks Home,2024-07-01,103.813,1.689,64,1.77,3.44,3.37,4.87,4.96,3.64,1.42,3.3,3.03,3.25,4.63,2.35,2.13,1.9,2.46,0.91,1.76,1.16,3.99,Y,9,N,0,Y,8
Pinecrest Place,Old Folks Home,2024-05-08,102.841,0.398,98,4.53,0.81,1.21,2.28,1.4,0.95,3.36,3.55,4.08,4.36,3.68,1.54,2.53,1.82,2.49,2.19,1.12,0.82,0.81,Y,7,Y,2,Y,11
Lavender Lane,Old Folks Home,2024-05-30,104.712,2.173,58,2.88,2.14,4.54,3,1.39,4.36,3.67,4,3.36,3.95,1.86,1.64,3.08,2.49,4.87,0.99,1.31,3.16,2.57,Y,17,Y,8,N,0
Gentle Breeze Home,Old Folks Home,2024-05-09,103.803,0.289,105,3.31,1.9,1.22,2.68,3.44,1.22,4.76,2.16,1.31,4.86,3.69,2.99,4.68,3.92,1.48,3.36,1.99,3.27,3.64,Y,2,N,0,Y,17
Golden Leaf Manor,Old Folks Home,2024-07-19,104.023,1.723,51,4.36,2.73,3.84,4.58,1.5,4.8,3.15,2.69,1.93,2.69,4.68,2.58,2.46,4.36,4.19,0.87,3.23,4.73,3.89,Y,15,Y,12,N,0
Cherry Blossom Home,Old Folks Home,2024-05-24,103.205,1.589,70,1.44,4.43,1.37,1.5,4.69,2.92,4.45,2.11,2.2,1.91,4.57,1.61,4.01,2.26,4.46,1.01,1.79,1.16,2.54,Y,18,Y,6,N,0
Silver Lining Lodge,Old Folks Home,2024-06-03,104.75,0.442,112,2.07,3.09,3,4.27,3.52,3.11,3.69,4.68,1.52,4.27,2.91,1.7,2.75,2.53,3.61,1.86,3.74,2.78,2.2,Y,10,Y,13,N,0
Harmony Hills,Old Folks Home,2024-06-19,103.029,0.649,58,3.28,3.2,4.17,4.46,3.4,2.53,3.55,1.33,1.06,2.86,2.29,3.67,1.37,4.78,4.5,3.08,4.26,2.83,1.58,Y,8,Y,16,Y,19
Autumn Heights,Old Folks Home,2024-07-10,102.957,1.65,98,2.47,3.27,3.22,3.65,1.94,2.95,4.96,2.23,3.54,1.54,0.86,1.91,1.57,3.37,1.66,4.48,2.4,2.92,2.63,N,0,Y,6,Y,2
Sunny Ridge,Old Folks Home,2024-07-22,102.86,0.578,124,3.27,1.74,1,2.64,3.7,1.35,2.59,1.3,4.89,2.92,1.89,1.05,4.48,0.87,0.81,1.05,0.93,1.13,0.84,Y,7,Y,12,Y,14
Willow Springs,Old Folks Home,2024-07-21,104.514,1.125,74,3.03,3.99,4.75,3.77,1.96,1.55,2.33,2.36,3.75,3.87,3.72,4.71,1.57,3.5,4.57,1.18,1.26,2.39,4.97,N,0,N,0,Y,4
Graceful Grove,Old Folks Home,2024-06-16,102.961,1.915,104,3.82,3.54,2.93,3.3,1.61,0.99,1.76,1.55,0.88,1.93,2.9,4.42,3.68,2.98,3.88,1.74,3.82,1.7,1.15,Y,16,N,0,Y,10
Pine Valley Home,Old Folks Home,2024-05-07,103.628,0.848,72,1.89,2.71,0.97,4.96,4.57,1.57,3.15,2.61,1.92,2.86,3.75,1.12,3.52,0.87,4.39,0.93,2.39,3.19,3.58,Y,4,N,0,Y,12
Tranquil Trails,Old Folks Home,2024-07-18,102.903,1.923,68,4.07,4.67,4.99,3.78,2.57,3.96,4.52,2.15,2.36,4.31,1.08,2.68,3.22,4.87,0.91,3.15,0.81,1.75,4.31,Y,10,N,0,Y,18
Whispering Oaks,Old Folks Home,2024-05-06,104.741,0.443,109,3.87,4.78,2.08,4.81,4.1,0.95,4.84,5,3.3,3.54,3.38,2.29,2.67,3.6,3.74,3.54,2.95,4.55,2.48,N,0,N,0,Y,9
Golden Acres,Old Folks Home,2024-05-07,103.772,0.975,58,1.33,3.14,3.88,4.35,1.94,4.07,1.51,4.06,3.49,1.68,1.2,2.42,2.86,1.66,4.9,4.95,1.53,1.44,2.57,N,0,N,0,Y,14
Rose Haven,Old Folks Home,2024-06-19,104.082,1.859,110,4.1,3.64,2.17,4.97,1.08,1.77,2.68,2.8,2.72,2.74,2.54,3.27,3.14,3.02,4.32,1.24,1.81,3.21,3.22,N,0,N,0,N,0
Meadowbrook Place,Old Folks Home,2024-06-27,103.628,1.637,100,3.53,0.88,1.35,2.97,4.96,2.35,4.84,3.85,1.55,4.17,3.16,1.53,2.24,4.15,3.83,3.24,4.26,2.78,1.22,Y,18,Y,4,Y,9
Evergreen Fields,Old Folks Home,2024-05-09,103.861,0.665,53,4.48,3.84,4.22,1.19,1.18,3.48,4.12,3.14,4.72,0.9,2.06,4.69,3.72,1.85,4.7,3.62,3.46,2.29,2.65,N,0,N,0,Y,8
Cedar Creek,Old Folks Home,2024-05-28,103.678,2.227,63,3.49,3.24,4.96,4.06,2.39,4.49,2.28,4.63,2.41,4.99,4.23,2.46,1.25,2.11,4.06,2.18,1.81,1.23,3.05,N,0,Y,5,Y,16
Loving Care Home,Old Folks Home,2024-05-20,104.089,1.993,81,2.79,1.36,2.95,4.73,4.48,2.06,4.04,2.63,3.9,3.05,4.94,1.87,1.31,2.17,3.53,2.98,1.36,3.83,1.37,Y,3,Y,2,N,0
Peaceful Palms,Old Folks Home,2024-06-16,103.616,1.873,82,1.76,2.75,1.41,2.88,3.63,4.64,1.85,1.8,2.64,0.88,4.7,2.66,4.88,2.25,2.44,3.51,3.08,2.63,2.13,N,0,Y,11,N,0
Serenity Ridge,Old Folks Home,2024-06-18,102.835,1.643,110,2.77,3.01,1.8,1.37,4.09,3.79,4.17,3.95,4.76,2.98,3.85,2.79,4.22,4.84,2.36,2.65,1.69,3.53,3.54,Y,5,N,0,N,0
Silver Sands,Old Folks Home,2024-06-01,104.057,1.505,125,4.84,4.7,4.7,1.94,3.34,2.68,2.83,2.98,3.26,1.29,1.4,2.06,2.63,1.98,2.02,1.21,2.63,1.69,3.46,Y,11,Y,18,N,0
Golden Horizons Home,Old Folks Home,2024-06-18,104.796,2.045,51,4.85,2.89,4.21,0.95,1.09,3.36,4.04,1.63,1.1,2.28,2.03,2.06,3.55,1.29,2.96,3.52,4.53,1.12,2.82,Y,16,N,0,Y,2
Tranquil Meadows,Old Folks Home,2024-07-22,104.383,1.173,104,4.44,2.66,1.28,3.74,2.74,2.68,4.42,4.75,1.77,2.14,4.43,2.5,2.27,3.21,3.87,1.14,3.39,4.37,3.94,N,0,N,0,Y,13
Harmony Haven,Old Folks Home,2024-06-21,103.007,0.375,112,3.11,2.62,1.9,4.73,1.06,3.97,4.9,4.54,1.23,2.78,2.95,2.88,3.56,4.52,4.17,4.16,3.59,2.37,1.11,Y,10,N,0,Y,8
Twilight Haven,Old Folks Home,2024-05-17,104.351,1.973,111,4.34,3.61,3.37,1.54,3.3,3.19,2.7,3.41,3.9,2.68,1.44,2.72,1.53,2.13,1.77,2.48,1.33,3.46,3.37,Y,9,N,0,N,0
Pinewood Place,Old Folks Home,2024-06-19,103.638,2.114,124,2.35,4.69,1.36,2.44,3.92,1.16,4.11,4.52,2.51,3.27,1.17,1.04,2.93,4.4,3.03,3.82,2.93,2.45,1.01,N,0,N,0,N,0
Evergreen Acres,Old Folks Home,2024-05-27,103.36,1.335,85,2.43,3.08,1.73,0.82,2.59,1.26,2.59,2.06,2.78,4.91,1.01,4.31,2.57,1.63,2.75,1.82,3.53,0.92,0.97,N,0,N,0,N,0
Maple Ridge,Old Folks Home,2024-07-07,104.109,1.205,118,3.33,1.03,2.59,3.67,1.23,1.43,2.95,2.08,0.88,4,2.68,2.65,2.03,2.32,2.82,2.41,1.75,1.85,2.3,N,0,Y,19,N,0
Willow Wood,Old Folks Home,2024-05-05,103.289,0.337,67,4.24,2.03,3.42,1.63,1.62,3.28,2.82,2.01,2.96,0.86,3.9,1.76,2.66,1.66,2.9,3.74,3.43,4.6,1.28,Y,20,N,0,N,0
Peaceful Waters,Old Folks Home,2024-07-06,104.654,1.786,82,1.64,3.5,3.21,2.72,1.86,2.07,2.62,3.33,4.08,1.33,3.85,1.47,1.03,4.27,0.88,4.43,3.68,4.99,4.35,N,0,Y,19,N,0
Elderberry Haven,Old Folks Home,2024-07-06,104.192,1.15,93,2.55,3.9,0.81,4.56,1.13,0.91,4.44,4.57,3.46,4.44,1.82,4.82,2.44,0.82,1.11,4.09,3.57,4.91,3.73,Y,2,Y,18,Y,6
Serenity Grove,Old Folks Home,2024-07-07,103.829,1.586,69,2.36,1.06,1.01,1.49,3.57,2.33,1.05,0.84,4.48,3.96,2.79,1.16,4.61,1.51,1,4.86,2.75,4.21,1.9,Y,4,Y,5,Y,13
Golden Hills,Old Folks Home,2024-06-28,103.027,1.785,98,3.34,3.54,2.49,3.74,1.32,4.18,4.98,2.36,4.86,1.68,0.87,3.96,2.32,3.88,2.34,2.37,4.85,1.08,1.86,N,0,Y,7,Y,18
Rosewood Residence,Old Folks Home,2024-05-06,103.802,1.04,108,1.92,4.67,3.68,3.78,1.91,3.26,1.14,2.28,1.68,1.3,3.41,1.5,2.54,2.24,4.08,4.98,1.5,1.52,3.19,Y,13,N,0,Y,20
Golden Haven Lodge,Old Folks Home,2024-07-09,103.108,1.157,70,1.01,3.43,1.36,4.17,2.94,4.57,3.18,4.65,1,1.98,1.33,4.33,4.22,1.66,2.43,2.7,4.34,4.87,2.76,Y,4,Y,12,N,0
Silver Springs,Old Folks Home,2024-05-02,104.655,0.289,60,4.52,4.41,1.09,0.82,1.21,2.34,5,3.92,2.51,3.35,4.11,2.25,2.17,4.59,1.89,0.9,2.67,4.07,4.34,Y,4,Y,4,Y,5
Cedar Heights,Old Folks Home,2024-07-27,103.433,0.466,110,4.8,1.42,4.48,4.1,3.36,3.55,1.47,4.71,2.77,3.57,3.05,4.31,2.83,4.08,2.71,4.99,2.27,4.63,3.15,N,0,Y,16,N,0
Loving Arms Manor,Old Folks Home,2024-05-19,103.976,0.437,68,1.2,1.23,3.9,4.5,1.69,1.08,3.31,0.82,3.03,1.14,4.1,2.24,1.63,1.18,4.08,2.06,2.11,4.67,1.93,N,0,N,0,Y,16
Harmony House,Old Folks Home,2024-07-26,104.683,0.385,58,4.65,4.72,3.72,4.65,2.02,1.77,4.27,4.04,0.99,1.47,2.36,4.64,1.33,1.84,4.36,4.65,3.92,1.03,3.8,Y,17,Y,19,N,0
Sunnybrook Home,Old Folks Home,2024-07-10,103.248,0.294,100,4.18,0.82,4.61,4.94,2.46,1.19,4.93,3.03,3.47,0.9,2.97,2.54,1.82,3.7,2.13,2.96,4.62,1.46,2.95,N,0,Y,11,Y,17
Maplewood Haven,Old Folks Home,2024-05-08,104.197,1.396,101,4.97,4.18,1.81,3.01,1.94,1.58,2.32,3.99,4.02,2.3,4.59,4.16,3.05,3.93,2.62,3.93,2.62,2.01,2.83,N,0,Y,5,Y,9
Autumn Grove,Old Folks Home,2024-07-25,104.495,0.851,89,1.27,4.82,1.44,3.18,4.16,4.82,2.77,4.06,0.94,2.38,2.24,3.07,4.37,2.39,1.15,2.17,4.38,2.56,3.54,Y,11,N,0,Y,17
Elderwood Lodge,Old Folks Home,2024-05-30,104.372,1.124,57,4.26,3.02,0.99,2.74,3.9,1.41,3.86,1.45,5,4.73,1.68,4.99,1.53,3.87,2.15,2.8,4.49,1.18,4.84,Y,7,Y,18,Y,7
Peaceful Grove,Old Folks Home,2024-05-13,102.995,0.739,84,1.13,3.28,2.88,1.28,4.61,2.33,1.13,2.09,1.5,3.09,1.87,1.73,4.47,2.97,1.66,3.19,2.55,1.22,3.08,N,0,Y,11,N,0
Meadow View,Old Folks Home,2024-06-13,103.458,1.902,92,4.24,3.57,3.13,3.62,4.11,4.95,1.65,1,3.6,1.77,1.69,1.56,4.94,4.74,4.41,4.29,1.41,2.99,2.17,Y,6,N,0,N,0
Willow Lane,Old Folks Home,2024-07-09,103.656,1.187,80,4.24,4.29,3.77,3.38,4.71,1.43,0.99,1.91,2.25,3.35,1.62,3.53,3.89,1.88,3.91,4.42,2.75,4.54,4.24,N,0,Y,19,N,0
Golden Years Home,Old Folks Home,2024-05-10,103.365,0.966,99,4.88,3.25,2.07,1.89,3.43,2.94,2.95,3.27,1.8,3.67,4.25,3.8,3.42,2.78,2.85,3.97,1.22,2.29,3.27,N,0,Y,5,Y,9
Serenity Shores,Old Folks Home,2024-05-26,104.279,1.912,68,2.15,3.65,4.81,4.92,3.79,1.34,2.04,2.03,1.72,3.1,3.57,4.86,2.11,1.24,4.87,3.23,4.43,4.68,2.48,N,0,N,0,N,0
Rosewood Retreat,Old Folks Home,2024-05-26,103.032,1.973,75,1.56,4.04,4.13,3.35,2.74,3.12,4.9,1.2,3.82,1.02,4.93,4.91,1.24,2.19,2.33,1.59,3.46,1.12,4.1,N,0,N,0,N,0
Whispering Pines Home,Old Folks Home,2024-07-14,104.716,0.64,116,3.35,1.87,1.9,1.93,3.42,3.42,3.82,2.64,3.92,0.9,0.86,3.48,1.95,1.4,2.25,4.39,2.84,1.18,4.81,Y,6,N,0,Y,6
Sunnydale Manor,Old Folks Home,2024-07-06,103.98,0.463,79,4.61,1.53,3.26,3.83,3.86,3.58,1.33,0.96,1.09,4.22,4.54,2.68,4.66,2.67,1.37,4.42,1.69,3.18,1.74,N,0,N,0,N,0
Harmony Gardens,Old Folks Home,2024-06-01,103.641,1.166,111,1.48,1.62,2.4,2.03,2.21,1.6,4.74,3.37,1.76,1.04,3.91,4.66,1.7,0.82,4.39,4.63,1.14,1.43,2.95,N,0,Y,12,N,0
Tranquil Gardens,Old Folks Home,2024-05-19,103.807,0.753,123,1.43,3.76,3.85,2.13,2.85,2.4,2.28,3.6,4.75,3.31,4.41,4.33,4.52,3.8,1.67,2.37,1.92,4.85,2.71,Y,3,Y,11,N,0
Cedar Park,Old Folks Home,2024-05-16,103.872,1.555,80,3.08,4.46,2.07,2.46,2.8,1.92,2.15,1.12,4.11,2.81,1.09,1.47,2.54,4.79,3.22,4.83,3.43,3.6,1.56,Y,11,Y,11,Y,13
Serenity Acres,Old Folks Home,2024-06-21,104.284,1.449,94,3.84,2.42,1.17,3.62,1.67,4.03,4.09,4.05,4.48,1.7,4.74,1.68,1.59,2.27,1.31,3.55,2.3,1.37,3.12,Y,19,N,0,N,0
Graceful Living Home,Old Folks Home,2024-06-23,103.361,0.639,91,1.72,2.55,1.01,2.33,2.15,3.9,4.64,0.92,4.9,2.94,3.44,1.09,4.55,2.38,1.69,3.94,4.18,0.84,4.86,N,0,Y,19,Y,16
Golden Meadows Home,Old Folks Home,2024-07-11,104.779,1.315,74,3.93,3.32,3.17,2.08,1.14,1.81,3.44,3.7,3.72,4.88,3.19,1.4,2.36,2.75,1.69,3.6,1.92,2.98,1.47,Y,16,N,0,N,0
Whispering Pines Lodge,Old Folks Home,2024-07-26,103.687,2.076,97,4.53,4.63,1.67,1.6,4.08,0.85,3.93,1.66,4.06,3.44,0.96,3.47,4.78,3.8,2.6,4.27,2.89,1.12,4.55,N,0,Y,10,Y,17
Elderwood Gardens,Old Folks Home,2024-06-01,103.804,1.507,103,3.25,4.03,0.92,4.31,2.91,1.35,3.87,1.51,2.95,3.15,4.03,1.76,2.03,3.67,1.39,3.22,0.93,4.93,4.36,Y,5,N,0,N,0
Peaceful Pines Home,Old Folks Home,2024-06-19,103.377,0.951,83,4.36,4.17,2.09,3.08,1.88,2.82,1.17,4.41,4.5,1.81,1.91,0.94,1.5,4.03,3.57,1.82,1.1,2.68,3.62,Y,9,Y,15,Y,18
Tranquil Acres,Old Folks Home,2024-06-16,102.887,0.915,60,4.74,3.26,2.92,1.63,3.55,1.35,4.93,1.89,1.76,4.95,2,2.57,3.06,2.21,2.18,3.26,3.37,3.23,1.05,N,0,Y,9,Y,7
Cedar Springs,Old Folks Home,2024-06-21,102.888,1.74,79,2.79,3.99,4.93,3.12,3.56,2.17,4.17,1.43,1.98,3.73,2.01,2.83,4.01,2.03,2.27,2.36,1.29,1.48,1.87,Y,13,Y,15,Y,3
Willowbrook Lodge,Old Folks Home,2024-05-10,104.802,1.59,65,2.08,1.81,2.32,0.84,3.51,2.72,4.98,4.34,1.38,2.44,1.24,2.68,3.45,4.42,4.74,1.02,2.43,4.35,3.38,N,0,Y,5,Y,4
Rose Blossom Home,Old Folks Home,2024-07-14,103.005,1.461,61,3.72,1.35,2.96,4.69,2.42,2.41,2.09,3.33,2,2.16,2.28,2.54,4.46,1.2,1.91,4.17,2.37,1.43,2.01,Y,9,N,0,N,0
Sunny Skies,Old Folks Home,2024-06-30,103.101,0.482,107,4.3,3.53,3.59,1.58,4.72,4.36,3.94,3.19,4.39,3.66,1.52,2.03,3.79,4.91,3.76,3.68,3.02,3.51,2.41,N,0,Y,4,Y,17
Silver Oaks,Old Folks Home,2024-05-29,102.904,0.465,119,1.33,1.67,4.01,4.05,3.89,2.55,0.99,2.38,1.53,4.82,4.51,1.74,1.56,1.57,4.52,2.35,2.24,4.29,1.22,Y,9,N,0,Y,10
Peaceful Meadows Home,Old Folks Home,2024-07-18,104.488,1.66,68,3.02,2.37,1.97,1.77,4.32,2.76,1.7,2.56,3.01,4.7,2.86,1.43,4.27,1.04,1.98,1.37,3.8,3.58,0.93,N,0,Y,15,Y,13
Tranquil Pines Home,Old Folks Home,2024-07-14,103.211,0.861,117,1.06,2.48,3.4,1.79,2.3,2.18,3.27,3.82,4.69,1.15,3.39,3.48,4.54,1.97,2.55,1.45,3.49,4.96,1.13,Y,8,N,0,N,0
Golden Blossom Manor,Old Folks Home,2024-06-09,102.931,0.612,123,2.06,3.88,2.38,2.58,2.26,2.78,4.38,1.8,0.85,4.11,3.53,1.62,1.21,4.46,4.44,1.11,1.84,2.63,1.75,N,0,Y,13,N,0
Loving Care Lodge,Old Folks Home,2024-06-23,104.242,1.421,59,2.93,4.73,1.08,3.99,3.9,2.34,2.67,3.08,3.28,2.29,1.84,4.7,3.63,4.27,4.2,1.31,3.51,4.01,3.71,Y,20,N,0,N,0
Meadowlark Home,Old Folks Home,2024-06-01,104.692,1.338,71,1.54,2.21,2.47,2.9,2.9,4.51,4.4,4.93,1.09,3.88,2.12,3.32,2.45,2.28,3.88,0.97,4.92,2.45,1,Y,4,Y,15,Y,5
Serenity Meadows,Old Folks Home,2024-07-23,102.841,2.249,55,1.74,2.08,4.3,1.82,3.33,2.02,1.15,4.32,2.8,2.44,4.2,2.88,2.62,4.3,1.28,4.12,4.66,4.24,1.7,N,0,Y,2,N,0
Tranquility Home,Old Folks Home,2024-07-17,103.106,0.82,76,4.65,4.86,4.27,2.62,4.99,0.9,3.44,3.28,1.89,4.36,2.95,1.56,2.53,4.18,3.85,4.85,3.36,3.27,2.95,N,0,N,0,Y,20
Silver Haven,Old Folks Home,2024-06-23,103.691,1.592,100,4.85,3.66,3.69,4.18,3.91,1.74,3.25,3.13,2.03,4.91,3.1,2.56,1.29,4.12,3.86,4.69,0.9,4.7,2.17,N,0,Y,3,Y,11
Golden Pines,Old Folks Home,2024-07-05,103.174,2.043,89,2.04,2.36,3.5,2.6,1.94,4.67,0.91,2.67,3.8,4.19,2.16,3.23,2.28,1.67,4.27,4.21,3.92,1.11,4.75,N,0,N,0,N,0
Whispering Pines Manor,Old Folks Home,2024-05-28,104.766,1.475,67,2.94,4.01,2.46,4.3,2.59,1.11,2.23,1.14,4.95,4.09,2.57,3.22,2.12,1.59,2.12,3.46,1.35,1.15,3.88,N,0,Y,9,Y,3
Cedarwood Retreat,Old Folks Home,2024-07-31,103.795,0.324,72,2.02,2.68,1.94,1.5,2.32,1.92,3.45,4.5,1.02,1.61,3.63,3.69,1.57,2.58,4.18,0.96,1.31,1.62,3.97,N,0,Y,15,N,0
Golden Shores,Old Folks Home,2024-06-21,104.025,1.173,61,4.82,1.6,1.38,3.06,1.1,4.06,3.4,2.22,2.23,3.23,3.53,4.31,3.75,4.73,3.47,1.89,3.99,1.33,1.64,Y,7,Y,3,N,0
Hopeful Harvest,Food shelter,2024-07-24,103.487,0.829,63,2.49,3.56,3.68,3.05,3.48,4.23,2.95,1.98,4.35,2.39,1.55,4.47,3.63,1.15,1.43,4.51,1.72,3.4,3.86,Y,18,Y,5,Y,20
Generous Table,Food shelter,2024-05-09,103.667,1.329,98,1.98,4.48,3.71,4.81,1.39,1.45,4.94,2.8,2.93,4.17,2.24,3.07,4.11,2.34,4.92,2.37,4.2,4.64,4.63,Y,3,N,0,Y,11
Kindness Kitchen,Food shelter,2024-07-26,103.592,1.56,85,4.38,4.56,4.52,3.71,3.52,3.36,1.43,3.88,1.68,4.17,3.25,0.95,2.41,4.78,1.21,3.25,4.48,2.84,4.29,N,0,Y,18,N,0
Compassion Pantry,Food shelter,2024-05-23,104.185,2.15,117,1.89,1.4,4.96,3.67,1.31,4.04,1.78,4.42,1.73,3.63,4.82,0.93,4.67,0.96,2.42,2.67,4.29,1.51,4.91,N,0,Y,4,N,0
Nourishing Hearts,Food shelter,2024-06-11,104.521,1.743,51,3.46,3.01,1.59,1.81,4.12,4.24,4.44,0.86,1.41,4.36,1.39,1.19,3.11,4.87,1.14,4.88,2.12,3.66,0.91,Y,6,N,0,N,0
Food Haven,Food shelter,2024-06-08,103.472,1.388,81,4.46,3.49,4.42,1.39,2.32,2.54,2.06,2.87,1.46,2.72,4.1,0.98,4.44,3.89,1.39,1.42,3.44,0.96,4.76,N,0,N,0,N,0
Graceful Giving,Food shelter,2024-05-24,103.398,1.546,96,4.25,0.82,0.9,1.87,2.42,4.3,1.39,1.86,2.32,4.09,2.25,1.66,3.11,3.87,0.89,2.07,3.24,3.67,4.2,N,0,N,0,Y,12
Heartfelt Harvest,Food shelter,2024-06-12,104.132,0.957,80,1.05,2.24,4.07,3.75,2.35,1.82,3.8,2,3.55,2.24,2.05,2.53,4.8,1.97,2.75,4.1,3.53,3.26,4.15,N,0,N,0,Y,6
Faithful Feasts,Food shelter,2024-06-26,104.213,1.16,88,1.27,4.83,4.83,3.16,3.93,2.78,3.44,2.11,2.95,2.4,4.24,1.76,2.14,3.63,0.87,4.12,4.58,0.88,3.29,Y,13,N,0,Y,4
Sustenance Shelter,Food shelter,2024-06-18,103.179,0.83,102,3.22,4.22,2.43,4.61,2.98,4.33,1.8,1.11,3.49,0.99,2.22,1.67,1.55,1.64,2.74,2.78,2.93,4.01,4.99,Y,18,N,0,Y,2
Blessings Basket,Food shelter,2024-05-27,103.607,1.097,112,4.24,1.8,1.32,3.57,4.55,3.13,1.96,3.74,3.1,3.07,4.39,2.07,0.9,3.63,2.33,2.16,4.66,2.46,0.91,Y,3,Y,11,N,0
Hopeful Meals,Food shelter,2024-05-29,104.15,0.697,103,4.97,2.57,3.46,1.28,1.07,1.66,0.93,0.99,2.45,4.28,2.08,1.25,1.02,3.28,3.99,3.98,4.68,2.59,4.65,N,0,Y,19,Y,5
Giving Grove,Food shelter,2024-05-30,103.856,1.389,123,2.45,4.52,2.43,2.08,2.92,2.57,1.22,2.36,2.08,3.88,4.44,0.85,4.02,2.51,1.63,1.18,2.53,4.1,3.94,N,0,Y,12,Y,15
Careful Cooks,Food shelter,2024-06-11,103.367,1.377,114,4.77,3.84,2.77,2.74,1.11,4.94,3.74,1.23,3.55,2.05,3.89,2.01,2.38,3.87,2.22,3.21,4.75,3.37,2.94,N,0,N,0,N,0
Nourishment Nook,Food shelter,2024-06-31,103.884,2.009,66,4.89,1.26,3.72,1.34,2.35,3.08,2.75,0.98,3.29,2.81,4.63,3.76,4.11,0.84,4.84,4.35,2.23,1.67,1.89,N,0,N,0,Y,7
Charity Chow,Food shelter,2024-05-10,102.872,1.884,117,1.65,3.36,4.11,2.3,2.24,3.46,4.95,1.86,2.67,4.22,1.09,2.95,1.47,1.49,1.05,3.93,4.05,2.93,0.91,N,0,N,0,Y,18
Unity Kitchen,Food shelter,2024-05-18,103.498,1.548,66,1.6,3.5,4.54,1.99,2.32,2.4,1.07,1.48,3.19,3.73,4.67,2.44,2.17,0.81,4.33,3.8,3.16,2.25,1.11,Y,3,Y,13,N,0
Abundant Harvest,Food shelter,2024-06-15,104.457,0.341,103,2.62,4.34,3.66,1.76,3.6,2.72,1.84,3.34,3.92,3.49,4.55,2.97,0.83,2.71,4.69,2.46,1.16,4.97,2.01,N,0,Y,13,Y,17
Helping Hands Pantry,Food shelter,2024-06-27,103.83,1.286,72,4.14,2.41,4.04,1.79,4.18,3.9,3.94,1.94,1.29,1.8,3.99,3.78,2.41,2.79,2.15,2.14,1.52,4.03,3.14,N,0,Y,12,Y,20
Bountiful Bites,Food shelter,2024-05-24,104.448,0.358,63,4.38,4.18,4.53,1.96,2.62,2.76,3.69,3.64,4.89,1.75,4.98,4.86,2.17,4.01,1.38,0.89,4.42,2.31,4.7,Y,11,Y,4,Y,11
Grateful Grains,Food shelter,2024-05-11,104.47,0.466,117,2.51,3.65,0.88,2.82,2.75,1,4.74,0.96,3.3,1.64,3.73,1.97,3.15,3.25,1.71,3.02,1.41,2.94,2.33,Y,13,N,0,Y,9
Love’s Larder,Food shelter,2024-07-10,103.882,1.524,119,4.27,1.2,4.48,3.26,3.71,2.71,2.85,3.7,4.15,4.61,3.05,3.59,1.97,0.85,1.42,2.14,1.28,1,4.46,N,0,N,0,N,0
Lifeline Larder,Food shelter,2024-05-27,103.898,2.124,70,4.51,1.25,1.81,4.51,0.86,0.81,3.78,1.94,1.56,2.58,1.78,1.66,4,1.89,3.89,4.94,2.02,1.24,1.98,Y,20,Y,4,N,0
Sacred Sustenance,Food shelter,2024-05-08,104.352,1.951,75,1.23,3.63,4.69,2.68,4.15,1.38,4.73,0.97,3.27,2.84,4.45,1.6,1.83,2.69,3.35,3.29,1.41,1.44,3.44,N,0,Y,16,N,0
Wholesome Pantry,Food shelter,2024-05-03,103.873,1.335,82,4.18,1.5,0.82,1.35,4.98,3.24,0.85,1.22,4.31,2.53,4.62,2.11,3.46,4.45,2.01,4.97,1.31,4.4,3.16,N,0,Y,8,Y,10
Generosity Grains,Food shelter,2024-06-24,103.252,2.19,92,1.07,2.84,2.54,1.5,3.44,3.94,1.09,2.18,3.5,2.37,3.07,1.6,3.06,1.51,0.93,2.29,2.41,1.04,1.73,N,0,Y,16,N,0
Hopeful Hearth,Food shelter,2024-07-28,104.175,1.287,117,4.33,4.97,4.64,4.69,2.94,3.49,4.3,1.91,3.54,3.23,2.18,3.08,1.71,1.95,3.81,2.22,1.39,0.9,2.31,Y,2,N,0,Y,20
Blessed Bread,Food shelter,2024-05-02,104.703,1.846,116,4.64,4.72,4.17,3.87,0.87,3.46,4.83,3.78,1.81,1.8,3.62,2.3,3.79,4.79,3.5,3.38,4.68,1.62,2.46,Y,12,Y,20,Y,18
Compassionate Cuisine,Food shelter,2024-05-17,103.466,0.566,96,2.15,3.38,1.16,4.76,3.05,3.53,1.14,1.63,0.84,2.38,3.19,2.38,4.43,4.66,3.02,4.79,3.38,4.3,4.34,N,0,N,0,Y,9
Warm Meals Haven,Food shelter,2024-07-01,103.761,0.72,119,4.88,0.83,2.29,2.14,4.96,1.34,2.89,2.01,1.38,4.07,1.18,4.7,3.72,3.43,4.83,4.02,1.95,4.58,1.46,N,0,Y,19,N,0
Kind Kitchen,Food shelter,2024-07-30,104.374,1.81,58,4.98,1.68,2.84,4.63,2.03,2.44,1.94,2.14,1.77,1.12,2.11,4.79,2.32,4.63,4.44,2.01,3.02,2.68,3.21,N,0,Y,8,N,0
Hopeful Pantry,Food shelter,2024-06-20,104.408,1.374,121,1.78,4.56,4.37,0.83,3.24,1.97,2.69,2.13,4.36,3.94,3.8,3.38,3.41,4.51,2.66,4.92,3.86,1.78,4.65,Y,3,N,0,Y,20
Heartfelt Kitchen,Food shelter,2024-06-07,103.882,0.863,64,1.28,2.89,4.49,1.67,4.12,2.55,2,1.96,4.9,3.73,2.02,2.51,4.57,2.47,3.31,4.38,2.95,3.8,1.64,N,0,N,0,Y,19
Graceful Grains,Food shelter,2024-07-17,103.459,1.643,80,3.97,1.81,0.9,2.9,2.43,2.98,4.77,1.23,4.52,3.49,3.48,3.78,3.73,2.21,4.78,3.46,2.96,3.35,2.66,Y,8,Y,6,N,0
Charity Comforts,Food shelter,2024-06-08,103.026,1.605,68,3.73,1.17,2.28,4.6,1.63,0.93,2.45,1.25,3.9,2.55,1.67,3.32,3.99,3.35,4.21,3.22,3.36,4.72,3.42,N,0,Y,5,N,0
Nourish Now,Food shelter,2024-06-26,103.252,0.938,76,4.27,4.22,1.55,1.8,2.53,2.61,4.53,3.01,3.31,4.88,4,3.42,2,0.93,3.46,0.89,2.58,1.14,4.03,N,0,Y,9,N,0
Open Arms Pantry,Food shelter,2024-05-03,102.912,2.043,95,3.91,1.57,1.99,4.84,4.15,1.41,2.37,1.5,1.06,4.53,4.87,2.57,2.56,2.13,2.38,1.86,0.96,4.51,4.11,Y,18,Y,7,Y,11
Warm Welcome Kitchen,Food shelter,2024-06-21,103.844,1.59,92,1.27,2.66,4.22,2.56,1.33,1.99,2.67,0.99,2.34,2.16,4.77,2.42,1.04,1.03,1.69,3.82,2.24,2.06,1.45,Y,10,Y,4,Y,10
Healing Hearth,Food shelter,2024-05-03,103.256,1.192,111,2.87,1.62,1.58,3.92,4.98,4.26,4.89,1.74,4.59,3.3,1.01,1.24,3.69,1.8,4.77,3.12,1.58,0.88,1.02,N,0,N,0,N,0
Love’s Larder,Food shelter,2024-05-22,103.292,0.469,86,3.87,3.75,2.42,2.2,3.7,2.04,1.53,2.6,3.52,2.29,4.84,1.51,3.89,1.4,3.63,3.49,1.68,4.33,3.71,Y,20,N,0,Y,19
Hopeful Harvesters,Food shelter,2024-07-11,102.944,1.111,116,2.51,3.39,2.89,4.89,1.17,4.09,4.25,4.47,4.73,4.57,2.75,3.43,4.95,3.96,0.93,3.67,1.71,2.41,3.98,N,0,Y,11,Y,20
Compassionate Cupboard,Food shelter,2024-05-31,102.931,0.679,73,3.58,1.12,2.92,0.88,1.23,2.88,0.95,2.41,3.23,3.86,2.82,4.03,2.54,2.14,3.4,4.76,1.39,1.66,4.17,Y,3,Y,8,N,0
Nourish Network,Food shelter,2024-07-15,104.329,0.91,74,3.68,0.84,2.09,2.39,1.04,2.81,4.81,2.09,4.79,0.98,4.61,3.33,3.24,2.92,2.48,1.68,4.95,3.34,3.61,Y,6,N,0,N,0
Caring Cuisine,Food shelter,2024-06-20,103.265,1.046,89,2.53,2.4,1.37,1.29,3.29,3.93,2.98,4.09,4.91,2.26,4.45,3.46,4.95,4.46,1.54,4.86,4.39,1.02,4.73,N,0,N,0,Y,20
Sharing Table,Food shelter,2024-06-15,103.985,1.739,116,3.1,2.6,3.68,1.41,4.45,1.3,1.53,1.28,1.33,3.22,1.94,1.58,1.7,1.19,3.57,2.14,3.9,3.41,1.54,Y,7,Y,14,Y,12
Generous Grains,Food shelter,2024-05-01,103.811,0.355,57,2.22,1.54,1.28,3.57,1.64,4.35,3.76,4.02,0.98,2.75,3.34,2.2,1.2,3.56,1.87,3.4,1.49,2.2,2.66,Y,4,N,0,N,0
Food Fellowship,Food shelter,2024-07-28,104.595,1.495,87,0.96,1.07,4.35,1.65,4.25,3.73,4.47,3.3,1.9,0.84,4.55,2.01,3.22,4.33,3.55,1.46,4.32,3.38,4.26,Y,10,N,0,Y,17
Loving Meals,Food shelter,2024-06-03,103.024,1.666,66,2.62,3.24,1.02,3.84,4.19,2.89,2.69,3.14,4.2,2.81,4.22,2.02,1.11,4.83,2.12,2.77,3,2.99,1.87,Y,14,Y,4,Y,19
Heartfelt Helpings,Food shelter,2024-07-10,103.594,1.073,67,4.12,1.27,3.6,3.86,2.94,3.29,1.39,2.07,2.64,2.39,2.04,1.78,3.65,1.21,3.88,1.83,2.12,0.94,0.88,N,0,N,0,Y,5
Joyful Pantry,Food shelter,2024-07-01,103.234,1.322,68,1.59,2.92,3.27,4.15,2.92,1.84,4.71,3.78,3.07,4.45,0.86,2.6,1.85,4.63,3.25,0.94,1.9,1.74,2.43,N,0,N,0,Y,19
Faithful Feasts,Food shelter,2024-07-24,104.651,1.176,65,2.07,4.63,4.01,2.26,0.9,4.21,4.48,1.43,3.5,1.57,3.59,3.23,3.74,3.68,1.96,0.87,1.1,1.89,1.54,Y,11,N,0,Y,7
Kindness Cupboard,Food shelter,2024-07-07,103.138,0.659,51,3.43,4.59,3.14,4.01,3.71,2.59,2.73,4.65,1.65,2.88,3.56,2.56,3.05,3.55,3.58,2.96,3.14,4.68,1.7,N,0,N,0,N,0
Gracious Grains,Food shelter,2024-06-09,104.641,1.386,69,1.47,3.73,3.57,3.02,1.07,4.54,4.48,2.84,2.26,2.52,2.18,3.57,4.25,3.68,4.73,1.12,1.14,4.11,1.6,Y,12,Y,8,N,0
Lifeline Kitchen,Food shelter,2024-07-27,104.363,0.449,94,3.64,2.61,3.48,1.62,2.93,2.26,1.38,1.76,2.53,4.01,3.86,3.65,2.41,3.13,1.67,1.32,2.79,4.73,1.13,N,0,Y,18,N,0
Generosity Grove,Food shelter,2024-07-08,104.305,1.634,118,4.95,2.7,1.55,2.44,1.99,2.83,2.13,2.56,3.95,3.3,3.73,1.52,1.63,4.01,2.73,3.26,2.57,4.46,4.17,N,0,N,0,N,0
Helping Hearts Pantry,Food shelter,2024-07-03,102.841,1.257,80,4.57,3.57,1.54,4.48,2.89,2.59,3.81,1.41,4.76,2.52,4.09,2.46,4.59,3.17,1.38,4.72,3.44,4.64,2.12,N,0,Y,18,N,0
Blessed Bites,Food shelter,2024-07-22,103.304,0.549,95,3.9,3.46,1.99,2.72,1.15,4.07,3.02,2.85,2.19,4.99,1.22,2.02,4.62,3.14,4.65,2.98,4.9,2.65,4.12,Y,3,N,0,Y,2
Wholesome Warehouse,Food shelter,2024-05-20,102.889,2.267,115,1.24,1.96,1.25,3.19,1.85,4.33,2.37,0.95,4.89,4.41,4.06,3.06,2.12,4.71,1,1.21,1.12,2.34,2.26,Y,17,Y,4,Y,12
Sacred Sustenance,Food shelter,2024-07-06,104.567,1.438,82,4.1,3.94,3.65,3.22,3.58,2.23,4.9,3.05,1.87,2.71,3.87,4.81,2,2.6,3.88,3.65,4.85,1.32,2.9,N,0,N,0,N,0
Charity Chowder,Food shelter,2024-07-21,102.849,0.323,87,3.57,2.22,2.67,3.3,4.1,1.39,4.53,4.37,4.09,1.9,1.12,4.67,0.83,2.2,2.98,4.82,0.85,1.83,3.25,Y,2,Y,16,N,0
Grateful Grub,Food shelter,2024-06-23,103.902,1.012,103,3.37,4.85,2.64,1.65,4.99,2.74,1.95,4.14,2.95,2.94,3.72,2.34,2.03,4.57,3.71,2.26,3.29,1.46,2.41,Y,14,N,0,Y,4
Careful Cuisine,Food shelter,2024-07-31,104.668,0.391,86,1.35,1.03,3.58,2.84,4.67,4.35,1.23,4.8,2.75,4.44,0.86,2.55,3.48,2.65,1.68,4.98,3.99,4.88,4.78,Y,2,N,0,Y,10
Nourishing Network,Food shelter,2024-07-01,103.897,0.456,119,4.34,2.14,1.15,1.98,1.64,0.89,3.94,4.13,3.84,3.58,2.81,0.81,2.34,1.99,1.66,0.97,2.29,3.14,2.57,Y,9,N,0,N,0
Loving Larder,Food shelter,2024-05-10,103.653,0.57,122,1.16,2.1,1.16,4.71,2.13,2.71,4.22,1.64,4.8,2.16,1.4,1.68,2.23,1.95,2.67,4.01,2.56,4.2,2.03,Y,7,Y,8,N,0
Generosity Grains,Food shelter,2024-06-22,103.416,1.816,82,4.02,2.14,3.58,4.41,4.66,4.13,3.43,2.35,1.45,4.88,2.49,4.21,2.4,3.2,4.87,0.83,3.4,1.83,1.35,N,0,Y,3,N,0
Warm Meals Kitchen,Food shelter,2024-05-24,103.064,2.225,89,2.98,3.72,2.92,2.65,4.2,2.71,1.82,2.89,1.28,2.65,1.05,2.9,1.52,1.12,2.71,2.37,4.31,2.14,2.83,N,0,Y,7,Y,19
Hopeful Hands,Food shelter,2024-07-21,103.658,0.715,55,3.43,3.44,2.08,1.7,4.28,4.43,3.11,0.99,1.74,3.48,4.59,1.46,3.79,4.65,1.11,2.01,3.72,2.24,4.63,Y,10,Y,11,N,0
Giving Hearts,Food shelter,2024-05-26,104.336,1.691,51,1.25,2.46,4.97,4.24,3.71,3,4.88,2.5,2.58,3.04,1.21,2.37,1.65,3.57,3.26,4,3.53,1.44,1.08,Y,14,Y,18,N,0
Lifeline Larder,Food shelter,2024-06-31,103.817,2.061,81,3.35,1.51,4.55,3.93,4.82,4.46,4.16,3.71,1.99,0.84,3.33,1.44,1.41,3.2,3.41,4,4.08,2.19,2.48,N,0,N,0,N,0
Unity Pantry,Food shelter,2024-05-20,103.005,1.167,103,1.14,2.27,3.09,4.19,4.89,3.18,3.43,2.9,1.29,2.51,3.67,4.39,1.6,1.86,1.93,4.59,3.4,3,2.51,Y,14,Y,14,N,0
Compassionate Comforts,Food shelter,2024-07-02,103.928,1.317,123,4.06,3.04,1.43,3.32,1.06,3.59,1.83,1.05,3.7,4.48,2.17,0.89,1.85,1.92,3.67,4.61,4.49,4.62,3.62,Y,10,N,0,Y,5
Heartfelt Hearth,Food shelter,2024-06-17,104.184,1.382,83,3.99,3.36,3.21,3.37,1.22,1.81,2.31,3.25,4.21,2.84,1.36,2.09,4.14,1.03,3.67,2.26,3.83,4.19,4.77,Y,12,N,0,N,0
Charity Cupboard,Food shelter,2024-07-15,104.676,2.004,123,2.05,2.95,4.48,3.9,2.51,4.54,3.95,1.77,3.78,3.24,3.32,4.77,2.32,2.64,3.44,4.94,4.51,4.53,3.55,Y,20,N,0,N,0
Blessed Pantry,Food shelter,2024-07-08,103.843,1.014,101,3.54,4.59,3.6,2.9,0.94,3.81,2.1,4.01,4.8,3.72,4.31,2.11,2.86,3.87,2.74,3.13,4.79,2.23,3.77,N,0,N,0,N,0
Generous Grains,Food shelter,2024-07-01,103.339,2.011,83,3.57,4.26,2.75,3.29,2.62,1.89,1.3,2.47,0.83,1.38,2.61,0.96,0.81,1.32,3.48,1.92,1.75,3.41,2.9,Y,3,N,0,Y,15
Bountiful Bread,Food shelter,2024-06-03,103.632,0.36,125,1.73,2.38,3,4.14,1.96,4.81,1.73,3.82,1.75,4.06,4.78,1.46,3.28,2.75,2.06,4.28,3.36,2.31,5,N,0,Y,4,N,0
Graceful Giving,Food shelter,2024-06-09,103.117,0.786,77,4.52,1.65,2.09,3.16,3.76,1.52,1.74,4.99,2.39,1.76,2.91,1.02,3.5,2.58,3.09,4.37,3.76,1.91,1.32,Y,20,N,0,Y,8
Hopeful Hands Pantry,Food shelter,2024-06-10,104.38,1.367,115,3.23,4.45,2.21,0.85,3.83,4.11,3.47,4.34,3.74,1.05,1.98,3.53,4.55,2.43,1.75,4.9,4.78,4.49,4.72,N,0,Y,8,N,0
Nourish Network,Food shelter,2024-06-01,103.941,0.584,84,4.13,2.05,4.66,0.99,1.37,2.27,1.66,3.59,3.47,3.74,4.72,4.33,2.85,2.15,4.67,1.57,2.18,2.54,1.37,Y,8,N,0,N,0
Food Fellowship,Food shelter,2024-06-07,102.888,1.567,94,1.7,3.69,3.62,1.13,1.31,3.18,1.82,2.16,4.69,3.01,1.64,2.43,1.5,3.24,4.92,4.58,2.79,2.89,2.71,N,0,N,0,N,0
Open Hearts Kitchen,Food shelter,2024-05-29,103.313,1.464,68,3.41,4.32,4.77,1.58,3.03,0.98,1.97,4.47,4.31,4.5,4.46,2.48,4.78,2.21,1.62,2.19,2.11,4.56,2.11,Y,18,N,0,N,0
Generous Grains,Food shelter,2024-05-10,102.985,1.353,71,3.31,2.26,2.76,3.6,4.76,3.48,2.49,0.98,4.29,2.74,3.83,1.58,4.32,2.97,0.88,1.12,3.16,1.42,4.19,Y,20,Y,14,N,0
Lifeline Pantry,Food shelter,2024-07-18,103.188,0.731,73,2.47,1.23,3.49,3.21,2.4,3.32,1.98,0.89,3.36,2.51,3.69,2.57,1.87,3.19,4.1,4.89,4.73,4.13,3.35,N,0,N,0,N,0
Charity Comforts,Food shelter,2024-05-22,104.603,2.123,121,3.9,2.9,3.85,2.46,4.78,3.03,3.3,1.57,0.8,1.97,2.03,3.24,3.99,3.43,2.59,3.5,1.03,4.28,2.9,N,0,Y,5,Y,2
Wholesome Warehouse,Food shelter,2024-07-10,104.198,1.313,58,3.59,2.26,1.02,3.4,4.05,4.28,3.57,2.49,4.64,1.17,3.3,4.98,2.51,4.45,2.33,2.52,2.29,3.69,2.05,Y,11,Y,12,Y,3
Blessed Bites,Food shelter,2024-06-29,103.221,1.646,84,1.52,3.98,2.7,1.34,5,3.05,1.49,1.11,4.24,4.99,1.62,4.56,0.99,3.67,1.66,4.44,3.12,1.88,1.71,N,0,Y,5,N,0
Nourishing Network,Food shelter,2024-05-04,103.133,1.431,55,4.93,1.86,1.65,3.8,1.4,2.53,2.71,2.83,4.19,2.81,2.45,2.48,3.36,2.6,3.41,1.75,3.41,3.12,1.69,N,0,Y,12,N,0
Generous Hearts,Food shelter,2024-06-31,104.089,0.659,102,3.67,2.74,3.37,2.37,3.02,3.19,1.61,2.98,1.84,2.25,3.7,4.09,3.52,2.8,2.11,2.69,0.99,2.94,2.66,Y,11,N,0,N,0
Kindness Kitchen,Food shelter,2024-05-31,103.04,1.872,95,1.34,3.1,3.08,1.69,3.38,1.91,3.33,2.98,0.82,4.35,4.15,0.93,4.9,1.69,3.74,4.63,4.97,2.53,1.44,N,0,Y,6,N,0
Open Arms Pantry,Food shelter,2024-05-12,102.944,1.787,52,3.93,4.5,4.33,2.5,3.13,3.09,3.49,4.31,1.56,2.18,2.34,2.13,1.05,4.48,1.53,1.54,4.88,2.07,1.64,Y,9,Y,12,N,0
Heartfelt Helpings,Food shelter,2024-06-07,104.275,2.098,54,3.34,1.93,1.62,4.37,1.46,3.34,0.96,1.61,1.35,2.92,4.25,4.9,1.54,3.71,0.89,4.53,2.89,4.77,1.97,N,0,N,0,Y,5
Healing Harvest,Food shelter,2024-07-10,103.683,1.574,103,2.21,1.25,2.6,4.08,4.31,4.72,1.77,3.67,2.68,4.66,4.25,3.62,4.02,3.34,4.2,2.43,4.33,1.03,1.52,N,0,N,0,Y,12
Compassionate Cuisine,Food shelter,2024-06-12,103.461,0.782,116,3.56,2.44,2.56,2.34,2.09,2.33,1.99,2.66,2.71,3.58,3.7,1.27,4.52,2.29,3.14,4.68,3.6,1.21,1.83,Y,7,N,0,N,0
Generosity Grove,Food shelter,2024-05-06,103.076,0.91,80,3.69,4.63,2.77,2.31,0.9,4.17,2.25,1.38,2.04,3.98,1.57,1.64,4.31,3.48,1.24,1.6,1.11,3.59,3.96,Y,2,Y,11,Y,17
Faithful Feasts,Food shelter,2024-06-27,103.034,1.893,54,3.63,2.26,1.75,1.76,4.91,3.64,1.9,4.83,4.71,0.95,3.61,1.97,3.42,1.1,0.88,2.66,1.45,3.8,4.74,N,0,Y,4,Y,2
Hopeful Hearth,Food shelter,2024-05-14,103.554,1.175,68,2.2,2.15,0.85,4.53,3.7,4.62,2.24,1.51,3.02,3.48,2.13,2.59,2.65,4.35,2.27,1.94,2.92,3.01,2.06,Y,6,N,0,Y,9
Caring Cupboard,Food shelter,2024-05-30,103.747,0.88,59,1.64,2.46,2.91,2.92,2.12,2.39,4.44,3.23,1.24,2.89,4.78,3.8,0.97,4.99,2.54,2.9,4.23,2.73,2.96,N,0,Y,2,N,0
Unity Kitchen,Food shelter,2024-05-29,104.627,0.787,120,2.96,2.56,4.5,2.47,4.25,1.44,2.57,2.2,0.83,3.44,2.77,1.79,1.85,3.62,4.35,3.68,1.64,2.32,2.26,N,0,Y,11,Y,8
Love’s Larder,Food shelter,2024-06-23,104.605,0.892,89,4.03,3.66,3.61,3.65,3.75,3.24,1.43,1.66,3.71,1.24,1.03,3.25,1.37,2.21,4.22,2.54,1.89,1.63,4.7,N,0,N,0,N,0
Charity Chowder,Food shelter,2024-06-31,104.48,2.11,93,4.49,1.39,1.25,2.46,1.85,2.39,2.79,4.56,3.37,4.53,4.8,4.17,2.58,4.09,2.75,2.17,4.16,3.34,1.96,N,0,N,0,N,0
Nourishing Hearts,Food shelter,2024-07-22,104.083,0.406,63,2.12,4.76,2.03,1.9,4.24,3.76,3.36,3.81,2.4,4.91,4.3,1.18,4.52,1.78,1.08,1.08,4.73,3.26,4.07,N,0,Y,20,Y,18
Grateful Grains,Food shelter,2024-07-20,104.181,1.452,89,3.09,1.71,3.83,4.23,1.98,4.02,2.5,1.56,1.67,3.98,1.45,4.7,2.57,1.5,3.43,3.43,2.54,1.81,4.34,N,0,Y,8,N,0
Wholesome Pantry,Food shelter,2024-07-12,103.587,0.938,54,3.53,4.08,1.3,3.22,3.69,1.59,0.93,4.64,3.11,2.57,2.07,4.98,4.86,4.72,2.95,2.69,4.81,1.54,4.64,N,0,Y,12,Y,12
Kind Kitchen,Food shelter,2024-07-29,103.581,1.677,51,3.82,4.14,0.87,2.45,4.04,3.49,1.17,2.67,4.66,2.08,1.74,3.9,1.19,1.28,1.5,1.98,4.14,1.18,4.75,Y,8,N,0,Y,10
Warm Meals Haven,Food shelter,2024-07-24,103.64,0.834,90,1.4,4.21,2.06,4.63,1.98,3.42,4.59,4.8,1.31,3.07,2.66,3.02,1.64,0.95,2.3,4.04,4.5,4.14,1.75,N,0,Y,9,Y,17
Hopeful Harvesters,Food shelter,2024-06-25,104.506,0.501,61,3.71,4.33,3.95,3.7,1.13,1.21,1.33,3.32,2.66,1.97,3.28,4.14,1.18,3.21,3.07,1.74,2.49,3.39,4,N,0,N,0,N,0
Healing Hearts,Food shelter,2024-07-27,103.277,0.624,123,2.29,4.3,0.99,1.49,2.09,4.55,4.57,4.92,2.01,1.87,3.55,1.64,3.25,2.3,4.11,4.6,3.75,4.6,3.08,N,0,N,0,N,0
Generous Table,Food shelter,2024-07-21,103.734,1.451,92,3.55,1.67,4.72,3,1.97,2.61,1.71,2.26,1.53,1.29,1.68,1.49,1.59,2.38,3.11,1.83,4.67,4.93,3.18,Y,19,N,0,Y,15
Sustenance Shelter,Food shelter,2024-07-28,103.895,0.514,85,1.87,3.61,4.03,2.54,3.19,4.14,1.05,1.32,1.07,4.52,1.53,4.08,2.17,4.76,2.02,0.89,2.05,2.21,3.46,Y,12,N,0,N,0
Lifeline Kitchen,Food shelter,2024-06-20,103.687,0.483,70,1.9,4.83,4.77,2.55,4.67,3.86,3.65,1.39,3.89,3.07,2.17,4.56,1.58,4.64,3.5,1.45,3.2,4.76,4.02,N,0,N,0,Y,4
Compassionate Comforts,Food shelter,2024-07-10,104.096,0.91,99,1.91,3.74,4.38,1.56,0.83,1.14,3.57,3.84,3.33,3.53,2.03,1.73,4.67,2.55,2.8,2.75,4.89,1.4,2.96,Y,13,N,0,N,0
Heartfelt Harvest,Food shelter,2024-07-07,103.945,1.439,93,2.67,4.04,0.96,2.31,1.94,2.92,2.38,3.63,2.15,4.42,3.58,2.34,1.68,1.21,4.76,4.8,3.34,2.74,2.34,N,0,N,0,N,0
Bountiful Bites,Food shelter,2024-07-15,103.325,1.766,66,2.64,1.01,2.81,2.97,4.85,1.58,4.09,3.98,4.28,1.17,4.16,4.32,2.22,4.63,4.84,1.38,4.43,2.22,4.68,Y,14,Y,19,Y,2
Nourish Now,Food shelter,2024-05-18,104.105,2.068,50,2.85,3.76,1.45,2.44,3.41,4.74,3.68,2.22,1.82,4.06,2.21,4.87,4.57,2.43,2.65,2.45,4.49,1.71,1.96,Y,6,Y,8,Y,11
Blessed Bread,Food shelter,2024-06-14,104.714,1.586,68,2.95,2.6,2,0.98,1.44,4,2.85,4.57,4.92,3.44,1.05,4.3,2.95,4.15,3.45,1.54,3.27,3.69,1.82,Y,20,N,0,Y,6
Charity Chow,Food shelter,2024-06-25,104.028,0.404,124,4.18,1.57,1.28,4.46,4.05,3.39,4.51,4.5,4.31,4.01,2.83,4.31,3.79,2.65,2.1,3.69,1.86,2.98,3.49,N,0,Y,7,Y,17
Kindness Cupboard,Food shelter,2024-07-03,104.831,1.229,75,1.45,2.8,4.5,1.44,1.29,1.13,4.71,4.88,4.74,2.71,3.67,2.1,3.27,1.63,4.2,3.3,2.72,3.85,2.04,N,0,Y,3,N,0
Food Haven,Food shelter,2024-06-29,104.535,1.947,84,1.71,4.33,1.25,2.66,3.6,4.62,1.28,2.99,1.16,1.52,2.66,2.39,0.99,4.4,4.43,2.8,2.57,4.09,3.92,N,0,Y,9,Y,12
Sacred Sustenance,Food shelter,2024-07-18,103.729,1.091,125,2.6,1.94,1.52,2.07,1.18,1.98,1.94,2.71,4.34,1.75,2.65,1.66,3.6,4.01,1.46,3.77,1.85,2.86,1.05,Y,16,Y,11,N,0
Generosity Grains,Food shelter,2024-06-13,104.23,1.606,54,4.1,1.11,3.55,4.27,1.33,4.52,2.97,4.34,2.37,1.83,2.79,3.06,2.84,4.95,1.63,4.16,4.14,2.58,4.96,Y,7,Y,17,Y,12
Graceful Grains,Food shelter,2024-06-24,104.102,0.634,61,4.9,3.35,2.91,2.44,1.14,2.98,2.82,1.92,0.88,2.62,1.42,2.86,1.7,4.01,0.86,3,2.23,4.37,0.93,Y,9,Y,12,N,0
Faithful Feasts,Food shelter,2024-07-07,103.483,0.528,98,1.27,2.98,1.86,1.94,3.2,1.88,2.71,4.22,4.58,1.32,1.7,2.33,1.72,2.53,2.45,2.01,3.41,2.67,3.99,N,0,Y,19,Y,19
Generous Grains,Food shelter,2024-07-04,103.647,1.033,50,3.72,2.79,4.35,2.98,3.31,1.05,0.99,3.92,4.32,0.9,4.74,1.44,3.39,2.43,2.81,2.16,1.16,3.47,1.1,N,0,Y,18,Y,3
Hopeful Pantry,Food shelter,2024-06-23,104.234,0.609,92,1.27,4.98,3.45,4.91,1.99,0.85,2.57,4.07,4.33,1.77,3.32,2.46,4.7,3.23,4.76,4.66,4.46,4.63,1.17,Y,2,Y,9,N,0
Gracious Grains,Food shelter,2024-05-14,104.234,1.77,103,0.89,4.73,2.75,3.74,2.36,4.1,3.62,1.82,1.76,1.01,2.03,2.16,5,1.93,3.27,0.97,2.1,4.91,1.11,Y,9,N,0,Y,6
Heartfelt Helpings,Food shelter,2024-07-03,104.004,1.045,115,1.15,4.49,2.62,2.87,1.46,1.59,4.81,1.81,4.08,4.13,4.6,1.28,2.22,1.91,2.64,1.12,1.82,2.21,1.09,Y,16,Y,14,Y,7
Loving Meals,Food shelter,2024-07-19,103.684,0.769,123,2.26,3.24,4.2,4.91,3.61,1.97,3.52,2.5,3.15,4.51,4.03,4.61,1.89,4.05,3.74,3.7,2.67,4.89,1.08,N,0,N,0,N,0
Lifeline Larder,Food shelter,2024-05-12,104.046,0.43,122,4.92,3.95,1.57,3.67,4.32,2.52,3.19,2.38,1.12,2.49,2.26,1.32,4.91,2.85,2.37,1.47,4.08,0.87,2.04,Y,19,N,0,Y,12
Warm Welcome Kitchen,Food shelter,2024-05-07,103.911,0.517,96,3.02,3.52,1.23,3.94,0.82,1.43,1.12,4.09,2.98,1.18,3.38,1.3,3.58,4.91,4.52,4.27,2.45,4.26,2.66,Y,9,N,0,Y,17
Healing Hearth,Food shelter,2024-06-25,102.979,1.26,91,3.46,1.98,2.01,1.83,4.45,3.35,3.96,1.18,1.07,1.53,1.29,4.57,2.08,1.35,3.96,2.29,4.67,0.82,4.92,N,0,N,0,Y,13
Nourishing Network,Food shelter,2024-05-21,104.203,2.076,52,3.96,1.42,3.28,4.19,1.56,1.41,3.91,1.77,1.32,1.26,1.61,4.5,4.22,3.74,2.23,1.24,3.66,2.94,1.44,Y,5,N,0,N,0
Grateful Grub,Food shelter,2024-06-22,104.724,1.084,109,4.1,2.77,2.7,3.93,4.37,3.05,4.2,1.9,4.6,1.93,2.12,1.06,0.8,2.23,2.61,1.33,2.85,3.03,2.02,Y,5,N,0,N,0
Love’s Larder,Food shelter,2024-06-15,103.997,2.096,95,3.21,2.21,2.67,1.13,2.22,4.55,1.16,3.76,1.44,4.66,2.04,1.38,4.13,4.58,3.69,4.07,1.55,1.4,3.94,Y,5,N,0,N,0
Wholesome Warehouse,Food shelter,2024-05-18,102.852,0.597,68,4.25,4.75,1.15,4.06,0.9,1.05,4.95,1.2,2.87,1.94,1.5,3.85,3.32,1.35,2.28,3.43,0.81,1.04,1.1,N,0,Y,5,Y,4
Blessed Pantry,Food shelter,2024-06-02,103.169,1.032,75,3.87,3.48,1.94,1.41,1.07,1.35,3.24,1.12,1.36,1.01,2.98,1.55,4.87,3.94,2.13,1.76,4.39,3.86,2.64,N,0,N,0,Y,18
Charity Comforts,Food shelter,2024-05-26,103.389,1.435,77,4.86,1.49,2.86,4.18,1.6,3.29,2.08,4.98,4.03,1.85,4.72,3.97,4.04,2.44,2.19,1.05,2.92,1.75,2.2,Y,16,N,0,Y,20
Graceful Giving,Food shelter,2024-06-06,104.498,0.421,125,4.76,1.93,4.48,3.95,2.29,1.38,4.72,4.14,3.72,2.01,1.03,2.22,1.53,4.3,3.5,2.43,1.61,4.45,4.22,N,0,Y,10,Y,17
Nourish Network,Food shelter,2024-07-18,103.688,0.408,107,1.36,3.83,2.41,3.88,4.67,2.47,4.49,3.48,1.83,2.83,4.96,4.3,3.75,1.19,0.88,2.24,1.84,2.71,1.93,Y,15,N,0,N,0
Generosity Grove,Food shelter,2024-05-14,102.982,1.706,79,2.59,1.5,3.91,2.16,2.46,4.05,2.36,3.89,1.24,4.35,3.12,2.56,3.34,2.15,1.22,4.14,3.6,1.4,3.35,Y,3,Y,14,N,0
Heartfelt Hearth,Food shelter,2024-07-30,103.555,1.422,121,3.82,1.26,3.6,4.89,4.37,2.52,3.54,1.55,4.91,2.47,2.29,3.69,1.21,2.09,4.08,4.84,2.65,4.41,1.31,Y,14,Y,7,Y,11
Compassionate Cuisine,Food shelter,2024-07-24,104.114,1.474,104,1.39,3.45,0.88,4.82,3.17,2.26,2.02,3.71,3.2,1.39,3.89,1.26,4.9,4.63,2.75,1.94,0.96,0.86,4.43,N,0,N,0,N,0
Faithful Feasts,Food shelter,2024-06-27,104.342,1.387,59,1.64,4.67,1.66,4.13,0.83,4.25,3.4,2.38,1.61,2.84,3.36,2.66,1.86,2.32,2.04,4.45,3.41,4.77,1.94,N,0,N,0,Y,2
Giving Hearts,Food shelter,2024-07-01,103.734,2.24,74,4.76,4.81,1.17,2.88,4.04,0.95,4.48,2.67,2.67,4.25,1.9,4.48,2.31,4.32,1.56,2.5,1.5,2.77,0.95,N,0,Y,7,N,0
Food Fellowship,Food shelter,2024-05-22,104.75,2.251,77,1.29,3.44,2.5,3.61,3.9,1.64,4.58,2.63,3.82,4.25,1.39,4.01,2.34,3.18,1.32,2.02,2.53,2.57,4.41,Y,18,N,0,Y,4
Kind Kitchen,Food shelter,2024-05-13,104.515,1.989,62,2.07,4.47,4.74,2.02,1.6,2.39,4.71,2.14,0.81,4.6,3.11,1.68,4.11,4.09,2.85,2.94,2.92,4.51,2.76,N,0,Y,20,N,0
Loving Larder,Food shelter,2024-07-26,103.895,1.695,114,4.62,2.67,2.74,1.66,4.86,3.66,4.75,3.1,0.86,2.8,1.02,2.52,1.77,3.4,4.96,1.74,2.72,3.64,3.6,Y,13,N,0,Y,2
Sacred Sustenance,Food shelter,2024-06-03,103.238,1.879,58,3.4,3.94,2.81,1.22,4.47,4.19,2.3,0.84,2.07,2.32,2.87,2.53,4.68,4.39,1.67,3.66,4.33,4.01,3.46,Y,20,Y,9,Y,9
Grateful Grains,Food shelter,2024-05-25,103.264,0.857,118,2.93,2.56,2.06,4.41,4.39,3.38,2.8,0.85,3.52,1.6,2.51,2.29,2.28,3.19,3.84,3.22,3.04,2.2,1.54,N,0,N,0,Y,8
Wholesome Pantry,Food shelter,2024-05-03,104.247,1.676,85,1.6,0.81,3.66,3.71,1.14,2.42,4.95,2.36,4.3,1.24,4.53,2.74,2.61,4.13,4.51,2.7,4.06,2.56,1.46,Y,20,Y,12,N,0
Unity Pantry,Food shelter,2024-07-24,103.796,1.901,88,4.56,1.11,3.98,4.44,3.2,3.73,3.35,1.35,1.32,2.24,1.8,1.04,3.37,3.5,2.92,3.73,2.67,4.01,1.22,N,0,N,0,N,0
Generous Grains,Food shelter,2024-06-03,104.238,1.363,68,4.78,4.7,2.3,1.15,2.07,1.86,1.38,4.89,4.28,3.62,1.87,3.44,4.06,2.97,4.98,1.93,1.26,4.28,1.45,Y,2,Y,20,Y,7
Healing Harvest,Food shelter,2024-07-31,102.945,1.949,68,2.92,4.4,3.7,1.24,1.11,3.02,3.67,2.86,0.91,3.04,4.6,4,1.76,2.26,2.45,2.74,2.15,1.39,1.05,N,0,N,0,N,0
Hopeful Hands,Food shelter,2024-05-18,103.017,1.827,107,1.22,4.01,1.4,2.76,3.14,4.34,2.96,1.77,3.9,3.13,3.64,1.72,3.92,3.15,1.61,1.24,3.83,3.47,2.65,Y,3,Y,8,N,0
Charity Chowder,Food shelter,2024-06-21,104.066,1.132,70,2.61,4.58,4.27,4.96,4.99,4.11,3.21,2.59,4.95,1.67,1.65,3.43,4.33,3.65,2.94,1.07,1.69,2.56,4.44,Y,3,N,0,Y,20
Blessed Bites,Food shelter,2024-07-22,103.046,1.359,61,1.85,4.3,3.99,2.21,3.02,3.97,4.81,2.09,3.72,4.34,3.07,1,2.35,4.78,1.34,1.33,3.61,4.59,4.44,Y,14,N,0,Y,10
Graceful Grains,Food shelter,2024-06-06,104.224,0.487,108,0.97,1.03,4.39,4.1,2.63,4.47,3.05,2.1,4.16,4.33,1.93,4.27,0.83,4.14,4.01,3.26,4.88,2.12,4.28,N,0,Y,4,Y,15
Lifeline Pantry,Food shelter,2024-07-29,104.406,1.227,114,4.92,4.1,1.53,4.68,1.6,2.49,1.84,4.75,4.25,3.14,3.01,2.2,1.04,3.8,3.6,4.34,1.85,2.56,1.13,Y,3,Y,17,N,0
Compassionate Comforts,Food shelter,2024-06-29,104,1.044,78,4.95,2.63,4.36,4.22,1.71,1.17,4.86,1.89,2.39,2.57,1.86,0.93,2.57,1.48,2.8,2.95,1.14,1.22,4.61,N,0,N,0,Y,5
Heartfelt Helpings,Food shelter,2024-06-05,102.996,1.481,110,4.11,3.1,4.16,1.56,4.19,1.81,3.11,2.47,4.92,3.04,3.48,2.69,3.7,1.02,4.64,3.94,3.41,3.6,4.77,Y,16,N,0,Y,2
Giving Grove,Food shelter,2024-05-11,104.297,1.22,97,1.99,4.95,5,4.59,2.45,2.2,4.48,4.52,0.82,2.61,4.44,4.65,3,2.99,4.38,1.15,4.25,3.57,3.6,Y,7,Y,8,Y,19
Hopeful Harvesters,Food shelter,2024-06-28,104.811,1.112,102,4.71,4.95,4.54,3.84,1.47,1.24,4.08,1.06,3.16,4.11,1.19,1.15,2.43,3.67,3.74,0.91,3.38,1.69,2.47,N,0,Y,10,Y,10
Warm Meals Haven,Food shelter,2024-07-27,103.352,0.419,54,2.43,4.87,1.83,3.6,2.05,2.86,1.25,1.39,2.59,2.61,4.65,4.93,4.31,1.94,2.35,4.54,1.24,1.71,4.02,N,0,Y,13,N,0
Generous Hearts,Food shelter,2024-05-21,104.246,0.801,77,2.7,2.59,3.24,2.98,4.71,4.38,4.72,4.25,1.37,1.17,1.38,3.48,2.13,4.17,4.72,1.84,2.71,2.48,2.32,N,0,Y,18,N,0
Bountiful Bread,Food shelter,2024-06-02,103.738,1.061,83,2.62,3.16,3.88,2.14,4.21,3.19,3.86,1.66,1.15,4.07,3.57,2.95,3.9,1.69,1.82,2.83,4.51,3.1,2.44,Y,5,N,0,N,0
Open Hearts Kitchen,Food shelter,2024-05-05,102.847,1.411,73,1.04,1.66,2.45,3.17,3.21,4.05,4.33,2.27,0.82,3.8,2.64,1.69,2.24,4.14,1.56,2.76,3.61,2.86,2.06,N,0,N,0,N,0
Caring Cupboard,Food shelter,2024-06-20,103.486,1.631,62,2.5,3.82,3.76,3.34,2.44,4.16,2.36,2.25,2.55,2.66,4.07,2.55,1.04,0.81,3.43,2.19,3.16,2.33,4.47,N,0,Y,12,Y,10
Charity Comforts,Food shelter,2024-07-23,102.868,1.375,91,4.79,2.67,3.33,2.85,2.64,2.29,2.45,3.53,3.13,0.88,1.38,1.48,2.47,2.81,2.16,3.49,4.94,1.35,3.76,Y,9,Y,3,Y,19
Faithful Feasts,Food shelter,2024-05-05,103.685,0.354,124,2.28,4.47,2.2,4.39,4.65,4.23,1.86,1.65,2.61,3.52,3.35,2.94,1.8,2.36,1.32,3.57,2.33,1.4,3.56,N,0,Y,2,Y,18
Heartfelt Hearth,Food shelter,2024-07-22,103.947,0.538,122,1.06,3.09,4.72,1.93,3.08,2.56,4.29,1.06,4.24,4.51,4.53,4.58,3.27,2.55,2.86,2.6,2.17,3.58,4.36,Y,11,Y,19,N,0
Hopeful Hands Pantry,Food shelter,2024-05-08,103.471,1.154,63,2.88,2.39,3.74,1.24,1.5,3.86,1.92,4.38,1.98,3.9,4.77,2.2,2.65,3.78,1.71,3.65,2.69,1.82,4.08,N,0,Y,16,N,0
Generosity Grove,Food shelter,2024-05-20,104.622,1.967,53,3.35,3.52,1.3,4.19,1.82,4.5,3.44,0.82,4.97,4.72,4.37,4.28,1.63,3.5,4.86,1.19,2.49,3.99,2.42,Y,18,Y,13,N,0
Blessed Bread,Food shelter,2024-05-12,104.344,1.84,107,4.93,3.38,2.78,4.23,1.7,0.85,2.38,1.78,4.4,2.93,3.03,1.63,2.01,3.53,0.99,3.45,1.92,2.16,1.17,N,0,Y,3,Y,7
Loving Meals,Food shelter,2024-05-28,104.705,0.847,68,4.23,4.75,3.45,1.3,2.52,4.88,4.11,3.25,4.12,4.28,1.46,4.43,0.86,4.26,1.97,1.95,3.7,4.49,0.93,N,0,Y,2,Y,18
Kindness Kitchen,Food shelter,2024-07-27,103.748,1.594,96,2.2,1.2,3.46,4.62,1.44,1.31,3.93,4.58,1.98,2.87,1.84,0.97,1.67,1.28,4.55,2.79,2.99,2.37,4.89,N,0,N,0,Y,4
Food Fellowship,Food shelter,2024-06-24,103.942,0.812,119,2.78,4.38,3.85,3.09,4.19,1.05,3.39,1.94,4.31,2.73,1.78,1.23,1.09,2.36,1.87,1.6,1.57,3.55,1.34,Y,12,N,0,Y,12
Unity Kitchen,Food shelter,2024-05-27,103.944,0.413,58,2.08,1.47,3.17,2.3,3.69,0.91,4.79,2.58,1.05,1.79,4.52,1.75,1.55,1.44,4.71,2.37,3.52,0.93,1.61,N,0,N,0,Y,19
Healing Hearts,Food shelter,2024-05-25,103.433,1.994,64,3.82,3.01,3.75,4.48,4.71,2.01,4.17,3.2,1.49,4.67,1.87,3.83,3.09,4.08,2.36,3.27,3.31,2.89,1.78,Y,19,Y,19,N,0
Nourish Now,Food shelter,2024-05-31,104.746,0.414,73,2.91,3.34,4.01,2.67,3.33,4.22,4.02,3.54,2.87,1.93,1.84,4.68,2.46,1.56,1.25,1.79,3.15,2.06,2.43,Y,4,Y,20,N,0
Lifeline Kitchen,Food shelter,2024-05-29,104.204,0.543,116,2.01,1.31,4.89,1.14,3.7,4.13,3.18,4.69,4.74,3.21,2.87,3.55,2.09,1.59,1.95,2.28,2.73,1.82,4.46,Y,17,Y,19,N,0
Sacred Sustenance,Food shelter,2024-05-05,103.798,2.268,73,1.83,3.73,1.42,3.01,1.21,4.58,1.88,3.07,4.84,1.2,4.12,4.78,1.88,1.1,2.13,1.26,1.39,2.17,4.46,Y,8,Y,4,Y,6
Safe Haven Shelter,Homeless shelter,2024-07-09,104.594,0.869,61,2.44,3.3,4.06,2.49,4.52,2.7,3.59,4.56,2.95,0.89,3.4,1.36,2.78,2.75,4,1.7,4.53,2.7,3.89,Y,5,Y,14,N,0
Hope Harbor,Homeless shelter,2024-06-02,104.386,0.496,94,0.85,2.02,1.94,3.19,3.01,4.71,1.2,1.78,1.97,1.94,3.19,4.25,3.58,3.19,1.16,1.59,3.73,2.75,0.91,N,0,N,0,Y,4
New Beginnings Shelter,Homeless shelter,2024-07-15,104.342,0.989,73,3.55,2.87,3.54,3.91,4.97,3.95,4.06,2.18,4.49,3.19,4.98,2.69,4.54,3.28,1.61,4.57,3.41,0.87,4.41,N,0,N,0,Y,19
Graceful Living Shelter,Homeless shelter,2024-07-06,103.262,1.512,114,1.09,2.43,3.53,2.92,2.59,0.89,4.73,1.04,1.7,3.02,2.31,3.53,2.8,4.03,2.89,1.61,1.45,1.28,1.42,N,0,N,0,Y,6
Harbor of Hope,Homeless shelter,2024-05-03,104.091,1.376,86,3.27,3.64,4.84,4,3.96,4.94,3.25,3.81,0.94,3.62,1.3,1.45,2.7,1.91,4.75,1.84,0.87,3.2,4.72,Y,19,N,0,Y,12
Compassion House,Homeless shelter,2024-05-26,104.452,2.248,114,3.5,4.97,3.6,2.68,3.77,3.65,2.74,3.37,2.75,3.58,2.31,3.6,2.99,0.87,1.61,3.88,4.13,1.04,4.88,Y,7,Y,12,N,0
Heartfelt Haven,Homeless shelter,2024-06-09,103.661,1.438,66,3.64,3.41,4.08,4.68,3.83,4.01,4.18,4.18,3.38,4.73,4.83,4.03,3.55,3.99,2.95,1.97,1.58,1.87,1.34,N,0,N,0,N,0
Safe Harbor,Homeless shelter,2024-05-07,102.916,1.952,74,2.55,4.06,3.15,4.98,1.96,3.96,0.86,2.97,4.13,4.66,2.35,3.78,3.47,4.65,4.84,3.77,2.4,4.45,3.97,N,0,Y,17,Y,4
Unity Shelter,Homeless shelter,2024-06-13,103.446,0.406,81,2.11,1.08,3.35,1.95,4.05,3.99,3.36,3.99,2.18,1.27,1.5,4.58,3,4.69,1.18,4.12,3.48,0.89,4.34,Y,3,Y,16,Y,17
Shelter of Grace,Homeless shelter,2024-07-10,103.198,1.475,93,0.94,2.47,2.96,2.24,2.54,3.71,2.31,2.87,1.66,1.68,4.1,3.05,3.6,0.91,1.82,1.38,0.84,0.99,2.51,Y,2,Y,17,Y,18
Healing Hands Shelter,Homeless shelter,2024-05-31,103.021,0.458,104,1.78,4.61,1.7,1.43,2.06,4.5,2.97,3.5,2.57,1.12,3.1,3.58,4.01,2.92,3.27,3.79,3.57,3.76,1.99,Y,4,N,0,Y,16
Refuge Haven,Homeless shelter,2024-07-26,102.851,0.902,82,3.66,4.7,1.5,0.81,1.05,2.6,2.33,3.22,0.9,4.14,1.95,1.19,1.92,3.26,3.59,4.06,3.37,3.74,4.13,Y,19,Y,14,Y,13
Tranquil Shelter,Homeless shelter,2024-06-16,102.883,2.22,105,2.4,3.04,2.9,1.61,2.19,0.99,4.18,3,4.4,3.75,3.54,3.42,1.51,2.02,1.99,3.32,1.45,4.37,4.48,Y,18,Y,5,Y,16
Shelter of Hope,Homeless shelter,2024-07-29,104.602,0.412,83,1.66,3.23,4.02,4.88,3.94,1.67,1.62,3.79,2.47,3.74,2.38,3.88,3.47,1.75,4.78,4.02,2.26,2.38,4.05,N,0,N,0,N,0
Restful Refuge,Homeless shelter,2024-06-25,103.226,0.895,120,2.48,3.73,4.81,3.06,4.56,0.87,3.19,2.65,4.74,2.8,3.28,3.04,1.25,4.01,2.52,2.92,3.62,2.09,4.66,N,0,N,0,N,0
Hopeful Hearts Shelter,Homeless shelter,2024-06-30,104.286,0.966,90,3.58,4.41,2.82,4.03,3.06,3.58,1.42,1.46,2.73,2.1,1.86,4.07,2,1.12,1.94,2.16,2.81,1.82,1.3,Y,11,N,0,N,0
Serenity Shelter,Homeless shelter,2024-05-19,104.041,0.711,74,1.38,3.21,0.87,4.16,4.09,3.14,3.7,1.1,2.08,1.49,3.12,2.87,1.01,1.19,3.54,3.69,3.99,3.12,0.87,N,0,Y,14,N,0
Caring Haven,Homeless shelter,2024-05-18,104.018,2.055,76,1.09,4.1,1.29,2.21,2.24,3.34,4.85,1.62,3.9,4.17,3.65,4.52,3.58,1.85,3.18,4.1,4.62,1.24,2.03,N,0,Y,11,N,0
Safe Spaces Shelter,Homeless shelter,2024-07-22,103.017,1.087,116,4.55,3.97,2.04,2.04,4.23,2.15,0.83,1.43,4.88,1.45,2.87,3.02,3.07,1.61,3.73,2.61,3.04,2.06,2.84,Y,7,N,0,N,0
Sanctuary Shelter,Homeless shelter,2024-05-27,104.57,1.159,97,4.83,4.04,1.48,1.9,4.65,2.89,3.96,3.71,3.24,4.57,3.24,4.72,2.51,3.01,0.82,1,4.69,2.28,1.2,N,0,N,0,Y,18
Life Line Shelter,Homeless shelter,2024-07-05,103.928,1.336,119,4.96,0.91,4.19,2.44,2.87,2.28,2.19,2.9,1.55,2.9,3.2,0.96,4.58,1.01,3.68,4.45,1.46,3.56,3.56,N,0,Y,3,N,0
Warmth & Care Shelter,Homeless shelter,2024-06-07,104.429,1.97,65,2.72,4.1,2.68,4.29,1.31,1.8,1.24,2.14,3.41,2.3,1.55,3.97,3.5,0.89,0.83,1.08,2.36,1.71,2.02,N,0,N,0,Y,19
Grace Haven,Homeless shelter,2024-05-29,104.677,1.235,82,4.77,1.12,1.44,3.84,2.06,4.91,3,0.83,2.01,3.53,1.46,2.9,1.53,3.8,4.3,2.18,1.41,2.13,3.81,N,0,Y,8,N,0
Harbor of Compassion,Homeless shelter,2024-05-12,103.661,1.42,119,4.36,4.68,1.08,4.06,2.99,3.87,4.11,1.5,3.74,3.53,2.97,2.28,4.97,0.96,3.78,2.74,4.58,1.98,1.99,N,0,N,0,N,0
Heartfelt Shelter,Homeless shelter,2024-05-07,103.393,1.866,114,4.1,4.26,2.41,0.87,1.25,2.34,2.57,2.76,3.67,3.77,4.07,3.73,4.03,4.99,4.93,1.58,0.9,3.55,1.44,Y,6,Y,7,N,0
Peaceful Place Shelter,Homeless shelter,2024-07-21,104.433,0.585,80,3,4.63,1.26,3.06,1.25,4.54,1.74,1.08,1.89,2.9,3.64,4.79,2.35,4.73,3.98,1.89,3.67,1.77,5,Y,20,Y,15,Y,20
Respite Shelter,Homeless shelter,2024-06-17,103.927,0.639,111,3.29,3.73,3.71,1.92,2.42,4.45,3.88,2.36,1.84,4.66,0.86,4.79,3.42,2.26,4.09,3.44,2.61,4.91,3.78,N,0,Y,11,Y,7
Safe Nights Shelter,Homeless shelter,2024-07-26,103.005,0.566,95,1.98,4.25,1.12,4.59,1.7,2.88,4.14,4.9,2.49,1.05,0.82,0.85,2.43,3.48,3,0.89,2.97,4.21,4.13,Y,7,Y,5,Y,13
Hopeful Shelter,Homeless shelter,2024-07-02,103.786,0.825,87,4.46,2.12,2.64,3.45,2.34,1.2,1.2,1.64,4.29,1.39,4.39,4.91,1.61,1.43,3.14,4.75,2.7,1.94,2.09,N,0,Y,3,Y,8
Sheltering Arms,Homeless shelter,2024-06-23,103.862,1.281,108,3.05,2.11,2.36,2.99,1.07,3,1.38,3.37,4.04,2.46,2.69,0.87,3.71,4.86,3.31,4.96,2.27,3.06,4.04,N,0,Y,14,Y,16
Graceful Refuge,Homeless shelter,2024-05-08,104.577,1.694,73,3.55,1.1,1.54,4.23,3.51,2.73,1.92,3.43,2.13,1.97,4.59,3.96,4.85,1.65,4.17,1.32,4.13,3.67,4.4,Y,15,Y,6,Y,20
Beacon of Hope,Homeless shelter,2024-07-12,103.134,1.214,59,4.4,2.58,3.86,1.31,4.78,2.07,3.46,3.14,1.3,3.72,1.84,1.99,4.02,2.61,4.82,1.62,1.73,0.99,3.36,Y,20,Y,16,N,0
Safe Harbor Haven,Homeless shelter,2024-07-11,103.362,0.467,107,2.21,4.12,1.72,3.12,2.73,4.13,1.92,1.52,2.62,2.6,4.44,3.05,4.84,1.01,1.01,3.67,3.17,3.36,0.85,Y,5,N,0,N,0
Comfort Shelter,Homeless shelter,2024-05-18,103.662,2.022,95,1.25,2.62,4.91,3.82,1.06,4.64,2.45,2.49,4.3,1.05,4.25,3.43,1.37,4.14,2.46,3.71,4.05,4.49,1.7,N,0,Y,9,N,0
Renew Shelter,Homeless shelter,2024-06-03,104.186,0.823,117,1.29,4.05,0.84,3.58,2.26,2.15,4.14,3.97,3,2.46,4.24,4.69,2.19,3.17,1.77,4.94,4.45,2.95,3.11,N,0,N,0,Y,11
Haven of Hope,Homeless shelter,2024-06-14,103.035,0.95,51,4.08,1.2,1.89,3.69,4.87,4.86,4.75,4.79,4.53,2.15,2.67,2.3,0.91,2.36,2.57,4.3,4.05,2.32,1.88,N,0,Y,9,Y,11
Shelter of Light,Homeless shelter,2024-05-28,103.864,2.143,51,3.36,1.22,3.89,3.4,1.4,1.51,2.96,4.12,1.5,1.3,2.72,2.59,2.16,2.7,4.83,2.4,3.42,4.95,1.75,Y,17,N,0,Y,4
Harmony House Shelter,Homeless shelter,2024-05-17,104.677,0.331,109,1.52,1.26,4.41,3.53,2.35,4.33,3.51,4.05,3.4,2.59,3.45,2.73,2.29,2.11,4.73,4.19,1.19,2.98,1.99,N,0,N,0,N,0
Shelter of Love,Homeless shelter,2024-07-16,103.829,0.567,102,1.88,1.08,3.58,1.63,3.99,2.07,3.9,4.12,4.94,4.72,1.44,3.01,2.33,4.95,3.3,4.03,1.68,1.37,1.02,Y,13,N,0,Y,2
Serenity House,Homeless shelter,2024-06-05,103.827,2.155,62,3.83,4.58,3.19,2.02,2.75,1.19,4.14,4.13,2.9,0.99,1.37,4.4,0.85,4.85,4.11,1.36,3.56,1.9,3.26,N,0,Y,3,Y,9
New Life Shelter,Homeless shelter,2024-07-07,103.906,1.475,74,4.22,2.09,4.52,1.29,2.3,2.74,1.5,2.8,1.18,4.34,3.85,2.31,3.19,3.63,3.53,1.37,4.04,3.66,1.47,Y,9,N,0,N,0
Graceful Shelter,Homeless shelter,2024-06-21,103.636,2.178,94,4.98,3.31,1.35,1.01,3.76,1.04,2.79,4.96,1.33,2.06,2.88,2.91,4.38,2.37,4.84,1.88,3.2,4.95,3.12,N,0,N,0,Y,18
Safe Place Shelter,Homeless shelter,2024-06-06,103.527,0.72,121,2.25,3.53,2.66,0.88,4.17,0.95,4.99,0.95,3.18,4.32,3.19,3.36,2.74,1.78,2.49,4.28,4.29,2.97,1.87,Y,18,N,0,N,0
Hope Shelter,Homeless shelter,2024-05-28,104.676,1.596,83,4.53,3.42,2.61,4.09,1.96,3.12,0.92,3.82,4.82,1.11,4.06,3.05,2.47,3.95,2.49,3.79,1.8,2.14,1.67,N,0,Y,9,N,0
Unity Haven,Homeless shelter,2024-07-14,103.647,0.355,114,3.36,4.83,4.88,4.38,4.76,1.4,1.62,0.98,1.32,1.34,1.62,3.25,4.61,1.07,3.49,3.18,2.34,3.15,1.55,Y,5,Y,6,Y,15
Tranquility Shelter,Homeless shelter,2024-05-08,103.166,0.48,78,2.41,1,2.44,4.35,2.18,1.86,5,4.33,3.71,1.39,2.57,2.75,3.84,1.7,4.06,3.85,3.59,2.4,3.9,Y,9,Y,4,Y,8
Healing Shelter,Homeless shelter,2024-06-22,104.769,0.606,72,3.69,1.91,2.74,4.46,4.57,3.47,3.69,1.4,2.07,3.7,3.57,2.24,2.24,1.26,2.45,1.38,3.29,1.99,1.41,Y,14,Y,17,N,0
Compassion Haven,Homeless shelter,2024-05-07,102.894,0.843,78,4.26,2.68,3.07,1.83,4.76,2.62,3.01,1.91,3.24,3.92,1.96,1.16,3.67,3.26,2.31,3.88,4.39,3.09,2.67,Y,6,Y,11,Y,12
Refuge Shelter,Homeless shelter,2024-06-14,103.957,1.548,114,0.97,3.65,0.9,4.2,2.94,4.64,1.09,4.37,4.35,1.33,3.34,3.46,3.43,3.51,4.73,3.61,4.46,4.16,2.19,Y,18,N,0,N,0
Warm Hearts Shelter,Homeless shelter,2024-07-24,104.325,0.566,90,2.63,4.7,1.17,2.79,1.05,3.56,3.43,3.5,3.21,4.18,3.97,2,1.08,1.96,2.89,1.71,0.94,3.81,2.09,Y,15,N,0,Y,8
Graceful Harbor,Homeless shelter,2024-07-01,103.427,1.73,76,5,3.4,3.99,2.2,4.81,3.03,4.98,2.23,1.05,4.04,2,4.88,2.41,4.52,2.03,1.39,1.51,1.26,2.17,N,0,Y,19,Y,19
Hopeful Harbor,Homeless shelter,2024-05-02,103.507,0.615,115,1.49,3.45,3.96,4.23,4.4,4.74,1.28,3.93,3.4,4.66,0.94,2.11,4.31,1.18,4.03,1.65,3.54,1.95,3.3,N,0,N,0,N,0
Safe Refuge Shelter,Homeless shelter,2024-05-28,104.104,1.242,101,1.9,4.82,0.93,4.66,4.43,4.68,2.85,2.14,3.26,3.58,1.66,1.89,4.79,3.2,2.33,4.36,4.17,2.27,2.25,N,0,N,0,N,0
Heartwarming Shelter,Homeless shelter,2024-05-20,103.135,1.952,111,3.03,3.57,3.67,4.99,2.03,1.8,1.12,3.88,2.27,3.51,3.8,2.5,2.25,2.34,4.19,4.76,3.33,3.98,2.37,N,0,Y,4,N,0
Peace Haven,Homeless shelter,2024-07-08,104.531,1.926,112,3.8,2.52,2.14,4.06,3.38,4.07,4.29,3.14,1.52,4.69,4.47,0.9,4.62,2.4,4.16,0.94,3.32,1.58,2.36,Y,15,N,0,N,0
Haven of Grace,Homeless shelter,2024-05-14,104.377,1.683,93,2.28,3.39,2.5,1.3,4.37,4.3,4.59,2.82,2.37,3.54,3.83,2.4,3.69,1.87,3.31,2.38,4.78,3.35,3.07,N,0,N,0,N,0
Restful Shelter,Homeless shelter,2024-05-12,102.982,1.451,108,1.96,0.91,3.14,4.34,3.56,1.79,3.11,1.44,4.3,2.83,3.51,3.12,4.43,2.26,3.38,4.54,3.55,2.16,1.02,N,0,N,0,N,0
Safe Haven House,Homeless shelter,2024-05-28,103.995,2.272,97,2.15,4.34,1.48,1.64,3.09,2.41,1.49,4.48,2.47,2.91,2.98,4.54,1.84,4.55,2.33,2.54,3.15,1.65,1.05,N,0,Y,10,Y,12
Hopeful Refuge,Homeless shelter,2024-06-03,102.852,2.082,59,1.8,3.31,1.25,1.55,3.27,3.6,4.81,4.07,1.68,0.93,3.35,1.79,3.69,2.09,4.26,2.59,1.46,4.24,4.55,N,0,Y,7,Y,9
Sheltered Hearts,Homeless shelter,2024-07-28,103.827,1.295,77,4.1,4.05,3.44,3.22,0.81,3.14,0.92,1.46,3.28,0.94,1.34,1.86,4.25,1.87,3.21,1.87,3.07,0.96,4.7,N,0,Y,7,N,0
Sanctuary Haven,Homeless shelter,2024-07-22,103.826,0.731,122,1.95,4.15,1.81,1.55,4.55,4.97,4.5,4.88,1.87,1.93,3.01,1.48,4.06,1.66,2.51,1.88,3.49,1.29,3.42,N,0,Y,17,N,0
Life Shelter,Homeless shelter,2024-06-16,104.182,1.955,93,1.88,2.31,1.95,2.01,2.54,2.78,2.17,2.52,3.02,1.76,4.02,3.67,0.92,2.68,0.93,4.12,4.91,1.73,2.43,Y,20,Y,9,N,0
Warmth Haven,Homeless shelter,2024-07-25,103.765,1.482,57,0.9,3.78,2.82,2.77,2.6,3.8,2.95,3.06,2.99,1.44,2.61,1.96,1.78,3.42,4.22,4.38,4.43,3.53,0.91,Y,13,Y,13,Y,2
Graceful Home,Homeless shelter,2024-05-12,103.034,1.128,71,2.23,4.64,3.15,1.39,3.23,4.89,3.05,1.8,1.95,4,3.96,1.44,3.9,2.59,3.14,4.11,3.66,3.71,2.05,N,0,N,0,N,0
Compassion Shelter,Homeless shelter,2024-06-04,103.218,1.695,85,4.36,1.51,2.14,2.45,4.87,4.99,2.35,3.85,2.77,2.86,1.73,1.83,3.16,3.56,1.09,4.11,1.08,2.79,4.75,N,0,Y,3,Y,17
Heartfelt Home,Homeless shelter,2024-06-08,103.315,1.225,80,4.19,3.71,2.27,1.65,1.83,1.09,1.95,3.21,2.64,2.78,4.37,2.17,2.54,2.89,1.05,2.4,1.96,4.21,2.33,N,0,N,0,N,0
Shelter of Peace,Homeless shelter,2024-05-16,104.456,0.947,108,1.26,1.96,4.87,1.12,3.45,2.43,1.17,2.94,4.82,3.03,3.4,2.55,2.87,3.52,2.35,2.38,0.88,4.34,3.17,N,0,Y,16,Y,5
Harbor of Shelter,Homeless shelter,2024-07-31,104.513,1.873,68,3.56,4.05,1.57,3.47,1.3,1.66,3.33,1.71,1.74,4.9,1.75,2.98,2.8,2.71,2.65,3.51,2.91,2.79,3.85,N,0,N,0,N,0
Respite Haven,Homeless shelter,2024-06-07,104.654,1.417,67,4.32,3.8,2.06,4.55,3.08,2.37,2.3,2.8,3.08,4.15,4.47,4.41,1.66,4.19,3.45,3.89,1.8,4.43,2.94,Y,19,N,0,N,0
Safe Haven Refuge,Homeless shelter,2024-06-26,104.47,0.691,80,3.18,1.77,4.59,1.36,2.68,1.69,1.58,4.85,4.95,2.04,0.86,4.77,1.45,4.83,4.86,1.43,4.8,2.43,4.69,Y,12,N,0,N,0
Hopeful Home,Homeless shelter,2024-05-22,102.953,2.081,120,3.06,4.92,1.82,4.14,1.28,1.09,3.11,4.6,1.84,4.95,4.03,0.99,1.02,2.72,4.12,3.86,2.98,4.58,3.74,Y,16,Y,14,N,0
Unity House,Homeless shelter,2024-07-05,104.763,1.287,67,2.49,3.18,3.63,1.76,3.31,1.8,0.87,4.73,3.84,3.79,1.46,0.93,3.62,4.42,4.7,4.37,2.71,3.52,4.62,Y,19,N,0,Y,10
New Beginnings Haven,Homeless shelter,2024-05-05,102.928,0.604,85,2.7,4.83,3.3,1.8,3.68,2.12,3.42,1.14,2.02,1.57,1.21,3.51,4.66,1.04,1.49,3.19,3.12,1.88,1.46,Y,3,Y,20,Y,20
Shelter of Serenity,Homeless shelter,2024-07-19,103.774,1.636,107,2.32,4.14,4.2,4.63,1.68,0.87,1.25,3.57,3.99,4.33,4.57,2.09,3.41,4.79,2.38,1.74,4.07,2.97,3.65,Y,5,Y,17,Y,9
Graceful Harbor Shelter,Homeless shelter,2024-07-03,103.243,0.307,123,2.79,4.78,3.12,1,4.01,2.15,1.63,4.22,4.66,3.34,2.03,2.27,2.46,4.61,4.52,3.34,0.9,4.44,3.4,Y,7,Y,6,Y,17
Safe Nights Haven,Homeless shelter,2024-06-24,103.124,1.741,115,2.3,1.55,2.9,2.05,1.26,3.06,4.31,2.29,4.02,2.81,2.21,1.36,2.72,2.68,4.84,4.44,4.51,3.99,3.91,N,0,N,0,Y,7
Haven of Light,Homeless shelter,2024-05-22,104.224,0.448,105,1.79,3.33,4.28,3.81,3.15,2.05,1.96,1.12,2,1,3.33,4.83,4.03,4.98,1.21,4.27,3.72,4.84,2.75,Y,16,N,0,Y,7
Harbor of Hope Shelter,Homeless shelter,2024-06-08,104.511,1.945,67,4.36,1.55,3.52,1.84,4.09,1.34,2.99,0.92,4.17,2.55,2.98,2.44,4.26,1.01,2.47,2.69,2.17,1.07,1.78,N,0,N,0,N,0
Shelter of Comfort,Homeless shelter,2024-05-23,103.275,1.362,71,2.57,2.48,4.4,2.22,1.58,2.83,4.03,2.44,4.21,2.79,2.56,4.64,3.54,1.59,4.78,2.9,2.48,1.82,1.61,Y,9,N,0,Y,9
Renewed Hope Shelter,Homeless shelter,2024-07-13,103.047,0.525,79,2.32,3.56,0.91,4.2,3.95,4.45,1.7,1.16,3.28,1.62,4.21,2.95,2.56,3.52,2.77,4.19,4.39,3.42,3.31,N,0,N,0,N,0
Fresh Start Shelter,Homeless shelter,2024-06-17,102.965,0.835,84,2.36,4.41,3.61,1.11,4.75,3.13,2.53,2.15,2.56,4.56,2.15,4.89,1.44,0.83,2.25,1.5,4.93,2.52,3.5,Y,5,Y,8,N,0
Light House Haven,Homeless shelter,2024-06-18,104.466,1.726,70,4.82,3.74,1.47,3.34,4.21,4.6,2.78,1.6,3.99,2.04,0.85,3.02,2.07,2.46,1.99,1.6,2.22,3.37,4.83,Y,3,Y,20,N,0
Compassionate Corner,Homeless shelter,2024-05-13,103.811,1.561,97,2.32,4.85,4.11,4.97,3.09,4.37,2.33,1.88,1.39,4.09,1.42,2.3,3.81,2.89,4.49,4.07,1.93,1.66,1.74,Y,9,Y,4,N,0
Dignity House,Homeless shelter,2024-05-16,104.049,1.469,122,2.38,4.45,3.88,2.76,2.65,2.9,2.4,3.7,1.89,3.53,1.89,2.34,2.64,3.11,3.88,4.08,4.53,2.36,2.89,Y,13,Y,6,Y,9
Homestead Haven,Homeless shelter,2024-05-20,103.43,1.734,89,2.05,3.21,2.71,1.89,1.49,2.03,3.64,1.5,2.91,4.57,4.6,4.5,3.93,4.02,3.92,4.38,2.35,1.82,0.82,Y,10,N,0,Y,13
Journey’s End Shelter,Homeless shelter,2024-05-12,103.154,0.306,74,2.17,3.65,2.24,3.64,2.87,4.57,4.41,3.6,3.42,4.74,0.86,2.94,2.93,4.88,3.92,4.95,4.64,4.59,1.93,N,0,N,0,N,0
Stepping Stone Shelter,Homeless shelter,2024-06-24,103.166,0.515,73,1.42,2.9,3.52,3.49,3.71,4.89,1.48,2.83,4.29,2.32,4.32,4.39,3.22,3.97,4.63,2.07,4.83,4.98,1.32,Y,11,N,0,N,0
Secure Shelter,Homeless shelter,2024-06-02,104.443,0.99,57,2.17,4.9,4.19,1.24,1.92,1.55,2.98,2.48,4.34,4.34,1.35,1.84,4.65,1.59,3.28,2.63,4.05,4.92,1.06,Y,2,N,0,Y,20
Refuge of Care,Homeless shelter,2024-05-25,104.76,0.689,94,2.42,2.57,4.62,0.94,4.42,4.99,1.38,1.71,4.01,1.57,0.82,2.35,3.27,1.03,3.4,1.61,1.86,3.71,3.34,N,0,N,0,N,0
Heart Haven Shelter,Homeless shelter,2024-05-11,104.208,1.577,87,3.51,2.53,1.89,1.53,1.01,4.01,1.16,4.55,1.26,2.08,4.66,4.14,1.38,2.33,1.44,1.65,1.03,3.81,1.28,N,0,Y,19,Y,16
Paws Haven,Animal shelter,2024-05-04,103.344,2.128,74,4.3,3.03,2.89,4.86,2.87,2.24,4.88,2.93,4.59,1.38,2.68,4.55,2.89,4.92,1.93,2.76,4.76,1.4,1.29,Y,9,Y,9,N,0
Furry Friends Sanctuary,Animal shelter,2024-05-28,104.439,0.638,89,2.7,1.92,3.21,0.81,4.29,4.28,4.93,4.62,5,1.77,1,4.13,3.23,2.37,2.61,1.2,3.82,1.34,4.86,Y,18,Y,4,N,0
Safe Paws Shelter,Animal shelter,2024-05-22,102.904,2.014,77,1.63,2.99,1.59,4.19,1.35,3.67,4.79,0.91,2.13,4.19,4.25,3.45,2.53,2.98,2.02,1.18,4.57,3.98,1.65,Y,16,N,0,N,0
Whiskers Haven,Animal shelter,2024-07-23,102.842,1.158,60,4.05,2.67,2.86,1.41,1.47,4.22,4.73,2.15,3.62,2.83,4.6,2.96,3.81,2.47,1.05,0.92,1.85,1.15,2.18,Y,4,N,0,N,0
Pet Haven Rescue,Animal shelter,2024-07-13,104.4,0.317,71,3.6,3.85,3.96,3.69,3.88,4.7,1,1.69,0.89,3,1.53,1.06,4.71,3.65,3.14,2.91,3.05,3.96,3.43,Y,10,Y,13,Y,15
Animal Haven,Animal shelter,2024-07-23,103.138,0.458,62,2.48,2.65,2.06,0.81,3.91,1.45,4.77,3.74,3.87,2.12,4.64,3.83,2.75,2.08,3.34,0.9,4.25,4.56,0.81,Y,17,Y,20,Y,17
Paws and Claws Shelter,Animal shelter,2024-06-23,103.738,1.334,87,3.16,2.48,4.96,2.92,2.06,1.64,1.27,1.81,0.85,4.57,4.31,2.53,3.23,2.8,4.95,4.2,3.83,4.03,0.84,N,0,Y,17,Y,16
Animal Refuge,Animal shelter,2024-06-04,104.742,0.31,68,2.72,1.07,1.49,4,1.26,2.72,3.51,3.06,4.65,2.93,3.66,2.97,3.02,3.92,4.89,1.32,3.07,1.69,2.36,N,0,N,0,N,0
Happy Tails Shelter,Animal shelter,2024-07-12,103.533,0.479,67,3.6,4.54,4.75,2.25,4.22,4.36,1.63,0.91,3.59,2.82,3.4,2.11,4,3.52,1.23,2.22,4.78,0.93,2.94,N,0,N,0,Y,11
Purrfect Place Shelter,Animal shelter,2024-07-10,102.871,2.227,118,4.44,2.09,3.53,3.71,1.25,4.95,2.49,3.73,1.1,4.98,4.11,4.77,1.58,4.02,3.33,1.16,2.48,1.57,2.05,N,0,Y,2,Y,18
Four Paws Rescue,Animal shelter,2024-07-12,103.003,1.076,114,1.26,3.32,4.2,4.78,3.25,3.33,2.83,3.89,0.89,4.32,1.15,1.38,2,1.34,1.11,0.84,2.6,2.22,4.76,Y,15,N,0,N,0
Animal Angels Shelter,Animal shelter,2024-07-28,103.948,0.593,108,2.13,4.17,1.54,2.14,1.17,4.5,3.83,3.54,4.13,1.45,1.07,2.67,2.08,2.08,3.49,3.85,1.47,2.16,1.29,Y,4,Y,11,N,0
Rescue Paws Shelter,Animal shelter,2024-05-06,104.113,1.506,105,1.71,2,2.33,3.03,1.67,2.39,2.89,0.94,4.97,1.36,4.59,1.94,3.09,2.52,3.6,1.53,2.46,0.82,4.05,N,0,N,0,Y,3
Paw Prints Haven,Animal shelter,2024-06-15,103.878,1.89,91,4.84,4.84,4.74,4.13,4.1,1.13,2.97,0.94,1.06,4.55,2.22,1.2,3.19,1.13,2.23,1.91,2.72,3.76,1.74,N,0,N,0,Y,10
Happy Paws Shelter,Animal shelter,2024-06-06,104.501,2.242,52,1.61,2.08,4.96,2.25,2.61,3.56,2.41,3.78,1.89,2.69,4.92,1.49,1.77,4.18,2.86,1.83,1.8,2.16,4.85,Y,15,N,0,Y,4
Fur-Ever Friends,Animal shelter,2024-07-19,103.637,1.552,56,4.12,2.32,3.29,3.36,2.97,1,3.33,3.87,4.5,1.83,3.09,3.07,4.04,4.54,3.78,4.02,3.02,2.03,2.63,N,0,N,0,Y,6
Critter Haven,Animal shelter,2024-07-08,104.766,0.46,99,3.09,4.86,3,2.6,1.05,3.89,4.05,1.09,4.24,1.43,2.74,2.01,2.51,1.89,4.54,2.33,1.99,1.56,1.04,N,0,N,0,Y,4
Gentle Paws Shelter,Animal shelter,2024-05-13,102.949,1.386,119,3.94,0.93,1.26,2.48,1.22,2.56,1.31,2.19,1.28,2.14,4.77,3.23,3.62,3.36,2.03,1.98,1.59,4.55,4.7,N,0,Y,8,Y,2
Animal Oasis,Animal shelter,2024-06-27,103.68,1.308,50,4.28,2.23,4.04,4.84,2.49,3.87,2.78,2.88,1.33,4.25,4.64,3.21,1.08,4.41,1.58,4.22,4.68,4.61,1.47,Y,15,N,0,N,0
Shelter of Love,Animal shelter,2024-05-25,104.288,2.233,122,1.73,4.93,4.38,2.82,2.66,3.71,2.61,2.18,2.58,2.74,2.17,3.68,4.18,3.14,4.2,2.52,4.65,1.54,4.69,Y,5,N,0,N,0
Paws and Whiskers Haven,Animal shelter,2024-06-05,104.459,0.928,96,1.29,1.09,1.2,2.47,0.87,1.64,3.36,2.47,1.42,1.66,3.59,2.25,2.66,3.82,2.99,4.73,1.36,2.85,1.59,Y,12,Y,2,N,0
Wagging Tails Shelter,Animal shelter,2024-07-07,103.476,2.278,114,2.47,2.28,3.31,1.8,3.26,1.34,3.84,4.4,2.54,3.29,4.04,1.3,1.95,2.62,1.67,4.63,4.32,2.23,0.85,Y,3,N,0,N,0
Pet Refuge Haven,Animal shelter,2024-05-28,104.329,0.657,105,4.01,3.98,3.87,2.02,4.29,4.06,2.25,4.31,2.88,3.54,2.41,0.82,4.68,4.68,3.65,4.73,2.8,1.94,4.43,N,0,N,0,Y,16
Safe Haven for Pets,Animal shelter,2024-05-16,104.197,1.164,112,4.49,1.1,2,2.51,4.49,0.95,3.32,2.43,4.13,3.47,4.78,2.12,3.32,4.47,3.47,2.11,4.46,4.51,3.8,Y,3,Y,17,Y,15
Pawsitive Rescue,Animal shelter,2024-06-27,103.932,2.225,78,2.14,4.32,1.12,3.96,1.76,1.83,3.65,3.96,3.39,2.11,1.22,1.77,3.99,3.11,4.58,2.79,3.11,4.42,2.95,N,0,Y,11,N,0
Bark and Purr Shelter,Animal shelter,2024-06-25,104.368,1.75,92,2.38,3.56,2.77,4.25,2.45,4.37,1.8,3.93,1.71,1.41,4.21,3.83,4.81,0.88,3.33,2,2.2,4.52,3.07,Y,11,Y,2,Y,14
Furry Hearts Rescue,Animal shelter,2024-06-27,102.951,0.302,121,2.25,1.33,1.07,2.94,3.43,2.37,4.07,3.36,3.46,3.31,1.98,2.23,4.61,2.98,3.13,4.4,3.44,4.27,4.61,N,0,Y,11,Y,12
Pet Sanctuary,Animal shelter,2024-06-23,103.827,0.414,98,1.98,2.16,2.5,1.01,4.41,1.56,2.6,4.28,3.16,1.08,4.4,4.54,2.86,3.07,1.23,2.6,1.58,2.27,2.83,Y,16,N,0,Y,6
Homeless Paws Shelter,Animal shelter,2024-05-31,103.123,0.915,74,3.25,2.48,4.09,2.33,3.61,0.9,4.61,3.85,2.35,2.35,3.87,1.67,1.62,4.44,4.42,2.56,1.67,4.12,2.54,Y,20,Y,2,N,0
Animal Shelter Haven,Animal shelter,2024-05-10,104.349,1.284,102,4.08,1.03,3.57,2.45,4.39,3.49,2.83,3.33,4.77,4.96,3.16,4.29,3.29,1.35,3.03,3.18,3.67,3.03,1.1,Y,9,N,0,Y,8
Paw Haven Rescue,Animal shelter,2024-07-23,104.226,1.235,83,1.18,1.7,2.23,1.5,3.69,2.23,1.44,3.22,1.78,2.77,4.27,2.83,4.48,0.95,4.62,3.49,3.55,3.46,2.98,N,0,N,0,Y,13
Compassionate Paws Shelter,Animal shelter,2024-07-18,102.954,2.041,86,3.85,3.71,1.84,2.55,4.99,1.35,3.56,2.97,1.34,4.79,1.91,3.57,2.13,2.93,4.26,3.4,1.95,1.17,2.32,N,0,Y,16,N,0
Shelter of Paws,Animal shelter,2024-06-14,103.981,1.299,76,4.79,2.67,4.79,2.99,1.48,2.73,4.85,0.95,3.28,1.64,2.77,3.93,2.18,4.5,1.85,4.51,1.15,2.88,3.18,N,0,Y,8,Y,11
Pawprints Rescue,Animal shelter,2024-05-23,103.883,2.146,104,4.91,4.18,0.82,2.46,3.76,4.95,2.17,3.78,1.04,1.68,1.56,3.2,3.31,1.9,4.37,3.46,1.28,3.05,2.85,N,0,Y,8,Y,16
Safe Haven Animal Shelter,Animal shelter,2024-05-03,104.489,0.834,112,1,2.27,3.77,4,1.47,1.93,1.38,3.98,3.79,2.29,0.83,2.46,4.18,3.03,2.28,4.79,1.09,3.64,1.97,Y,5,N,0,Y,18
Fur-Ever Home Shelter,Animal shelter,2024-06-15,103.008,0.9,55,2.97,2.74,1.68,1.29,2.3,4.75,1.73,2.06,3.54,2.74,3.09,4.47,2.86,3.39,2.34,4.02,2.16,4.96,4.48,N,0,N,0,Y,9
Pet Haven Shelter,Animal shelter,2024-06-19,103.703,0.609,93,4.64,0.97,2.65,1.48,2.75,3.97,1.39,3.24,2.63,1.02,1.49,2.96,3.32,0.92,2.37,3.6,1.78,3.47,2.53,Y,20,Y,9,N,0
Gentle Hearts Animal Shelter,Animal shelter,2024-05-13,103.765,2.102,61,2.76,3.04,0.88,4.23,3.8,1.79,2.25,4.22,3.03,4.38,3.34,4.8,3.82,1.92,2.45,1.02,3.52,3.37,2.89,N,0,N,0,Y,2
Whiskers and Tails Shelter,Animal shelter,2024-06-05,103.599,2.127,111,4.82,4.44,2.67,4.37,1.11,4.76,3.39,2.18,2.84,3.8,3.08,3.18,3.61,1.17,2.09,3.33,4.87,3.21,3.62,N,0,N,0,Y,16
Animal Care Shelter,Animal shelter,2024-06-10,104.611,2.244,109,1.55,3.6,1.1,3.54,0.84,1.87,4.77,1.12,4.64,2,3.64,4.09,4.29,1.97,3.81,1.06,4,3.67,3.26,N,0,Y,9,Y,2
Pet Rescue Haven,Animal shelter,2024-06-09,104.65,1.541,75,2.9,1.92,2.82,2.98,4.77,2.61,4.07,2.05,3.92,3.9,2.93,3.81,3.53,4.05,0.99,2.3,1.47,4.51,1.73,Y,10,N,0,Y,12
Safe Paws Refuge,Animal shelter,2024-07-18,103.778,0.696,99,3.11,1,3.01,2.22,0.84,1.99,4.31,4.8,1.25,3.41,4.51,2.78,3.69,1.4,4.11,4.96,3.12,3.24,2.82,Y,20,N,0,Y,6
Happy Paws Haven,Animal shelter,2024-05-21,104.377,1.981,56,2.47,1.27,1.06,2.94,2.67,2.53,2.3,3.29,1.9,4.69,3.54,1.63,2.73,3.96,2.44,4.29,2.16,2.71,0.9,Y,3,Y,15,N,0
Animal Rescue Shelter,Animal shelter,2024-06-29,104.688,1.128,57,1.27,4.96,4.79,1.38,1.58,4.82,4.82,1.56,4.27,3.48,4.02,3.63,3.34,4.41,1.5,4.5,3.69,1.54,2.77,N,0,N,0,Y,19
Compassionate Pets Shelter,Animal shelter,2024-05-18,102.894,0.865,124,1.27,4.6,4.06,3.68,4.31,2.49,2.14,2.16,2.52,3.8,2.91,1.84,4.08,2.28,2.2,4.09,4.24,2.51,2.5,N,0,N,0,N,0
Paws for Hope,Animal shelter,2024-05-11,104.203,2.122,64,3.94,1.38,4.74,1.83,4.2,2.71,1.27,3.82,4.91,2.98,2.92,1.15,1.5,2.63,3.79,0.83,0.96,3.1,4.1,Y,13,N,0,Y,15
Furry Friends Refuge,Animal shelter,2024-06-29,103.072,1.785,124,1.33,3.52,1.26,3.05,4.24,4.57,3.84,4.96,3.9,3.06,1.28,1.07,2.14,3.25,1.66,2.3,0.93,2.11,0.85,N,0,Y,20,N,0
Loving Paws Shelter,Animal shelter,2024-07-08,103.894,0.498,120,4.41,4.3,2.68,1.94,1.46,2.15,3.16,1.23,4.76,3.12,1.08,1.54,4.95,2.34,3.38,0.87,1.87,3.42,4.88,Y,6,Y,10,Y,15
Animal Friends Haven,Animal shelter,2024-06-16,104.7,0.569,112,4.19,1.91,3.97,4.93,1.53,3.39,4.32,2.35,4.22,3.73,3.29,0.91,1.33,0.83,4.67,1.17,3.03,0.84,1.36,N,0,Y,20,Y,9
Pawsitive Haven,Animal shelter,2024-07-29,104.753,2.026,76,2.23,4.85,1.23,1.6,1.69,4.93,1.9,4.99,1.43,4.05,3.98,4.73,1.9,1.8,1.03,4.54,2.4,4.75,4.81,N,0,Y,19,N,0
Homeless Pets Refuge,Animal shelter,2024-06-23,102.851,1.932,115,3.01,3.06,4.72,2.68,1.25,1.5,2.23,3.32,4.33,2.84,2.69,3.68,1.17,4.37,2.68,1.08,3.92,1.67,3.45,N,0,N,0,N,0
Fur-Ever Friends Shelter,Animal shelter,2024-07-18,102.916,0.948,96,2.98,4.97,4.89,4.02,2.91,1.26,3.07,0.97,4.28,4.96,3.97,3.16,1.38,3.28,0.95,2.02,3.68,2.27,3.63,Y,6,N,0,N,0
Shelter of Hope,Animal shelter,2024-05-22,103.72,2.195,87,2.12,3.1,1.3,2.98,2.83,1.97,1.28,2.16,1.39,1.07,2.71,4.92,1.88,1.6,1,1.03,3.44,2.98,1.3,N,0,N,0,N,0
Whiskers Rescue Shelter,Animal shelter,2024-05-05,103.865,1.535,116,3.86,1.79,4.47,3.06,4.96,2.53,2.6,2.28,4.32,4.92,0.96,2.66,3.38,4.92,2.17,4.08,3.12,1.78,4.55,Y,2,Y,16,Y,16
Critter Care Shelter,Animal shelter,2024-06-08,104.821,0.381,93,1.7,4.03,3.85,1.71,0.85,3.9,4.47,1.52,3.66,2.62,1.65,3.28,3.32,3.71,1.64,2.14,4.18,4.87,1.23,Y,20,Y,20,Y,8
Paw Prints Refuge,Animal shelter,2024-05-29,103.455,1.823,112,4.33,4.01,1.38,2.72,2.87,4.66,3.58,0.91,1.15,4.81,3.33,1.22,3.17,3.71,2.66,1.74,2.5,3.19,2.52,N,0,N,0,Y,4
Animal Haven Shelter,Animal shelter,2024-06-02,104.23,1.426,58,1.96,2.12,4.51,2.41,1.58,4.95,4.35,1.09,2.16,1.76,4.99,3.7,1.22,3.17,2.66,4.2,3.88,2.79,3.12,Y,19,N,0,N,0
Paws and Claws Refuge,Animal shelter,2024-06-30,103.781,0.61,119,1.67,1.52,3.13,1.12,3.88,2.43,4.85,3.47,2.08,2.51,3.25,4.89,2.23,1.53,3.26,3.02,3.65,4.21,1.72,N,0,Y,13,Y,11
Happy Tails Haven,Animal shelter,2024-07-11,104.454,1.779,101,3.5,4.71,1.21,2.88,1.29,3.78,2.63,1.98,3.79,4.34,2.05,4.98,1.1,4.22,1.61,2.36,1.32,3.15,2.88,N,0,N,0,Y,17
Pet Safe Shelter,Animal shelter,2024-05-14,103.025,0.469,76,2.37,2.78,2.51,1.71,2.63,1.63,2.28,3.94,1.72,3.06,2.56,1.37,4.08,3.17,2.05,3.76,2.9,1.67,3.55,Y,10,N,0,Y,11
Gentle Paws Haven,Animal shelter,2024-06-09,104.699,2.105,71,0.97,1.3,4.5,4.27,4.97,0.98,0.8,1.06,2.77,3.75,2.43,0.97,3.14,3.69,1.86,4.49,3.24,1.6,3.02,N,0,Y,4,N,0
Whiskers and Paws Shelter,Animal shelter,2024-05-01,104.708,1.013,121,1.62,4.79,3.03,3.63,3.46,2.67,2.11,1.09,2.34,3.34,2.66,0.86,1.1,2.92,2.46,2.28,2.31,2.41,1.44,Y,10,N,0,N,0
Pawsitive Pet Haven,Animal shelter,2024-05-08,103.766,1.485,69,1.92,3.76,2.88,2.99,3.33,4.83,2.29,2.05,2.55,1.91,2.32,1.54,3.14,3.11,4.48,3.23,1.83,1.92,3.91,Y,6,Y,18,Y,4
Rescue Fur Haven,Animal shelter,2024-06-07,102.972,2.213,62,4.93,3.55,3.78,1.67,4.86,4.82,4.21,3.97,2.58,3.93,2.52,4.63,2.21,4.13,1.32,3.06,3.72,4.19,4.2,N,0,N,0,Y,9
Paw Haven,Animal shelter,2024-05-22,103.487,1.211,68,3.43,1.64,4.28,1.66,3.25,3.17,2.99,1.52,4.22,3.93,1.91,1.41,2.62,2.48,2.42,2.24,2.64,4.99,4.47,Y,20,N,0,Y,19
Furry Friends Shelter,Animal shelter,2024-05-04,104.263,1.722,72,3.35,1.25,1.31,1.99,2.11,2.04,1.97,3.01,4.83,3.54,4.47,4.82,4.34,2.81,4.03,2.94,1,3.77,1.28,N,0,Y,2,N,0
Safe Paws Haven,Animal shelter,2024-05-04,104.397,0.97,119,2.87,2.68,2.36,2.19,1.87,0.89,3.04,0.87,1.18,3.81,3.74,3.28,3.62,2.9,4.99,2.76,3.69,1.39,4.33,Y,11,N,0,N,0
Pet Love Shelter,Animal shelter,2024-05-02,104.218,0.61,94,2.71,3.71,4.3,2.65,4.75,1.94,4.67,0.8,3.99,4.25,2.97,2.24,1.86,3.55,3.58,2.73,1.26,4.47,3.96,N,0,Y,15,Y,9
Whiskers Haven Shelter,Animal shelter,2024-07-24,104.338,0.833,66,3.57,3.98,4.02,4.55,2.49,1.57,3.08,4.66,3.64,1.42,3.51,4.7,4.42,3.3,2.39,1.01,3.72,3.68,2.56,Y,15,N,0,Y,16
Paws and Tails Shelter,Animal shelter,2024-06-13,103.433,0.476,76,3.55,2.56,2.57,4.61,3.12,3.22,1.69,3.68,2.09,2.49,2.28,2.2,4.13,0.95,1.32,1.44,1.44,1.87,4.03,N,0,N,0,N,0
Fur-Ever Safe Haven,Animal shelter,2024-06-23,104.669,0.892,117,1.79,3.27,3.59,4.7,0.9,1.12,2.15,1.5,0.87,1.9,2.67,1.36,3.88,3.48,2.28,2.99,3.76,4.09,3.93,N,0,N,0,Y,19
Animal Angels Haven,Animal shelter,2024-07-14,103.044,0.622,54,3.87,4.8,4.94,4.34,4.53,0.87,2.22,2.45,2.55,3.22,1.16,2.08,2.2,2.8,1.95,4.64,4.47,2.7,2.85,Y,8,Y,15,Y,10
Safe Haven for Animals,Animal shelter,2024-05-25,102.84,1.269,92,0.91,2.5,1.59,2.61,1.95,1.31,4.77,1.35,4.36,2,0.87,3.3,4.89,3.37,2.23,4.4,4.93,3.16,2.43,N,0,Y,18,N,0
Gentle Paws Rescue,Animal shelter,2024-06-13,103.586,1.385,122,1.61,4.47,1.97,1.27,3.06,2.92,3.07,3.26,3.11,2,3.57,0.98,3.48,4.62,4.02,1.38,1.82,1.74,2,Y,10,Y,20,N,0
Critter Refuge Shelter,Animal shelter,2024-06-20,103.123,0.446,84,3.81,2.71,3.42,4.74,3.34,4.38,3.21,4.69,4.49,3.41,3.58,3.32,1.87,4.37,2.79,1.95,3.54,4.17,2.87,Y,7,Y,7,Y,3
Loving Paws Haven,Animal shelter,2024-05-12,104.249,1.359,95,1.04,3.37,3.46,1.73,2.89,3.38,1.51,0.83,1.57,1.91,2.74,3.53,3.88,4.18,4.74,1.9,3.04,1,4.17,N,0,Y,16,Y,17
Paws and Whiskers Rescue,Animal shelter,2024-05-04,103.269,1.555,73,2.11,4.19,4.42,1.78,1.64,1.25,1.78,2.96,2.09,3.05,1.45,2.95,4.05,2.17,1.11,3.32,4.62,1.24,4.69,N,0,Y,11,N,0
Bark and Purr Haven,Animal shelter,2024-05-18,104.613,0.988,87,3.11,4.38,2.72,3.71,0.8,2.42,2.03,1.08,4.34,2.56,2.64,2.09,4.79,4.28,4.34,3.79,1.33,1.15,3.47,Y,19,Y,19,N,0
Whiskers Sanctuary,Animal shelter,2024-06-21,104.356,1.13,113,1.05,4.7,1.19,3,4.05,1.69,2.46,1.77,2.1,2.93,1.73,1.51,2.42,1.68,4.05,2.44,3.59,2.19,0.98,N,0,N,0,N,0
Rescue Tails Shelter,Animal shelter,2024-06-10,103.252,1.377,69,2.09,4.13,2.79,2.73,4.01,2,3.67,4.69,4.57,0.86,1.78,2.95,2.89,4.68,1.75,4.36,3.92,4.65,2.83,N,0,Y,12,N,0