distributor_Name,distributor_Type,submission_Date,long,lat,pork,T-Pork,beef,T-Beef,mutton,T-Mutton,poultry,T-Poultry,fish,T-Fish,cabbage,T-cabbage,lettuce,T-Lettuce,onions,T-Onions,potato,T-potato,tomato,T-tomato,broccoli,T-broccoli,carrot,T-Carrot,cucumber,T-Cucumber,mushroom,T-Mushroom,rice,T-Rice,noodles,T-Noodles,egg,T-Egg,peanut,T-Peanuts,soy,T-Soy
Bistro Bliss,Restaurant/Food outlet,2024-07-25,103.105,0.865,2.36,3,2.18,3,2.78,4,2.75,4,1.36,4,2.08,5,4.96,6,2.21,5,2.04,6,4.85,3,4.23,5,2.57,5,2.43,7,2.6,7,3.26,4,4.38,4,3.5,7,2.19,6,0.8,6
Urban Eats,Restaurant/Food outlet,2024-07-20,104.631,1.185,4.52,7,3.38,6,2.42,6,4.99,6,3.81,7,4.82,6,2.09,7,3.92,5,3.46,5,3.57,6,2.01,5,3.53,5,3.89,7,2.3,3,4.7,3,4.23,3,4.02,3,1.11,6,3.48,3
TasteBuds Café,Restaurant/Food outlet,2024-07-27,103.539,2.192,3.3,6,4.69,5,4.65,7,4.53,6,1.52,6,2.88,7,4.66,5,4.08,6,3.63,6,3.78,6,3.22,3,3.32,6,4.96,5,3.31,6,3.74,6,3.8,6,4.44,3,3.32,6,2.7,4
Savory Spoon,Restaurant/Food outlet,2024-05-05,104.371,2.274,3.54,4,2.9,4,4.45,3,4.39,3,4.37,6,3.06,5,2.48,5,3.57,6,3.95,4,3.42,5,2.31,7,4.37,6,4.75,6,4.47,6,3.01,5,4.38,7,4.09,3,0.91,6,4.44,5
Garden Grill,Restaurant/Food outlet,2024-06-16,104.079,0.325,3.17,5,2.67,7,4.27,3,4.38,5,3.73,6,4.36,3,4.13,6,3.22,7,2.33,4,3.58,4,3.03,4,3.92,7,3.13,6,4.6,7,3.73,6,4.92,7,4.36,7,3.85,4,0.92,5
The Gourmet Kitchen,Restaurant/Food outlet,2024-06-12,102.894,1.901,2.85,7,2.93,4,4.47,5,3.53,4,1.19,3,2.95,4,4.46,4,2.83,3,2.91,3,3.87,3,4.89,5,3.02,5,4.79,6,4.43,4,2.03,4,4.05,3,4.87,7,1.01,6,4.59,5
Sunset Diner,Restaurant/Food outlet,2024-05-10,102.853,1.43,4.87,5,2.62,5,2.15,3,2.51,5,2.5,6,3.87,4,2.31,3,3,6,4.93,3,4.21,4,5,5,3.18,7,2.26,4,2.61,5,3.31,7,2.26,3,2.06,5,3.95,5,3.39,6
Flavor Town Bistro,Restaurant/Food outlet,2024-07-29,104.164,0.823,2.36,3,4.89,4,3.36,4,4.38,7,2.74,4,3.59,6,3.43,7,3.69,3,2.41,3,4.21,6,3.35,6,3.59,4,2.57,4,2.59,7,3.31,3,3.17,3,3.2,7,1.65,7,1.03,6
Cozy Corner Café,Restaurant/Food outlet,2024-05-21,102.882,0.287,4.96,4,4.31,7,3.98,4,3.02,6,2.82,3,4.59,3,2.84,4,2.66,5,3.15,3,3.59,6,4.91,4,3.38,7,2.69,4,3.44,4,3.81,5,3.21,7,1.45,6,1.97,7,3.33,4
Epicurean Delights,Restaurant/Food outlet,2024-05-22,102.951,0.513,3.23,7,3.87,7,4.24,6,3.22,5,4.1,5,4.09,7,4.61,6,4.67,5,4.08,7,4.51,5,2.74,6,2.1,6,2.98,3,4.52,5,2.64,4,4.22,4,2.73,7,3.17,7,1.62,6
Rustic Table,Restaurant/Food outlet,2024-05-03,104.18,0.573,4.45,7,2.28,6,2.24,3,4.79,3,2.31,7,4.37,4,3.02,5,2.7,5,4.24,4,2.24,6,3.57,6,2.61,7,2.55,6,3.85,7,2.45,5,3.76,4,3.16,5,2.79,7,4.95,5
Savor & Sip,Restaurant/Food outlet,2024-05-17,103.493,1.329,3,5,3.85,3,2.58,4,2.89,4,3.37,6,3.73,6,4.85,6,4.29,7,2.11,3,3.16,7,2.15,5,3.19,7,4.43,4,4.1,6,4.79,3,2.83,3,1.61,5,1.77,3,2.51,6
The Culinary Spot,Restaurant/Food outlet,2024-06-31,104.418,2.135,2.16,4,4.86,7,3.03,4,2.88,3,1.95,7,3.75,4,2.17,6,3.62,3,3.01,6,2.71,3,2.65,3,2.76,6,4.07,3,2.36,3,3.16,7,2.4,3,4.05,4,2.28,6,3.05,5
Cozy Comforts,Restaurant/Food outlet,2024-07-30,104.068,2.127,2.38,3,2.34,4,4.6,3,3.84,4,4.89,4,3.26,5,2.62,5,2.62,3,2.93,3,3.2,7,3.86,6,3.43,6,3.68,4,3.61,4,4.99,4,4.12,4,3.06,6,1.67,7,1.92,7
La Bella Bistro,Restaurant/Food outlet,2024-07-10,103.651,0.78,4.28,5,3.21,7,4.02,4,4.3,6,1.58,4,2.13,3,2.19,3,4.29,3,2.52,5,3.7,4,2.78,5,4.41,7,2.17,6,3.37,6,4.07,4,4.29,4,1.72,7,3.08,3,0.9,5
Fusion Feast,Restaurant/Food outlet,2024-07-30,103.755,1.848,2.9,3,3.17,3,2.68,4,3.97,6,3.39,6,4.28,6,4.92,7,3.21,6,3.13,3,2.33,4,2.54,7,4.75,3,3.07,5,3.12,6,3.92,7,4.74,4,1.75,6,0.89,5,1.93,7
Harvest Table,Restaurant/Food outlet,2024-05-30,104.556,0.859,4.75,3,2.46,4,3.55,3,4.5,5,4.67,5,2,4,2.72,5,3.26,5,2.82,7,2.6,5,3.57,7,3.11,6,3.44,3,4.13,7,2.6,7,2.22,6,2.8,3,4.45,4,1.59,7
The Tasty Terrace,Restaurant/Food outlet,2024-05-19,104.244,1.777,3.73,7,4.61,5,3.27,3,4.32,3,4.09,7,4.15,6,3.81,3,2.63,4,2.7,3,2.34,6,2.52,3,4.34,4,2.56,4,3.06,5,2.15,7,3.3,5,4.72,5,0.81,4,4.2,7
Delightful Dishes,Restaurant/Food outlet,2024-07-23,104.569,0.911,2.9,5,3.15,5,3.87,3,4.39,6,3.81,5,3.5,6,3.29,4,2.71,6,4.99,4,3.26,5,3.83,4,2.62,6,2.03,6,3.45,3,4.46,3,4.9,5,3.38,3,1.77,3,2.51,4
Urban Palate,Restaurant/Food outlet,2024-06-07,103.523,1.964,4.34,3,3.11,6,2.82,6,3.8,6,1.89,5,3.64,4,2.55,6,2.6,6,2.21,6,2.27,7,3.25,3,2.94,4,2.92,7,3.67,3,2.98,4,2.77,5,1.82,6,2.59,3,4.64,7
The Savory Spot,Restaurant/Food outlet,2024-07-25,103.278,1.141,2.39,6,3.11,4,3.71,6,2.69,4,4.34,7,3.54,6,3.94,6,4.27,7,4.93,6,2.29,6,4.17,3,2.07,5,3.6,7,2.52,5,3.47,7,4.59,7,3.78,7,3.79,7,2.05,3
The Rustic Plate,Restaurant/Food outlet,2024-07-30,104.028,0.921,3.12,6,3.97,7,2.93,4,3.68,4,3.31,7,3.16,5,4.14,6,3.74,7,2.13,5,4.82,7,4.38,5,4.08,7,2.3,5,3.47,7,3.29,6,4.18,6,1.46,4,2.07,3,2.07,3
The Food Haven,Restaurant/Food outlet,2024-06-09,103.349,0.964,4.22,7,2.11,5,4.89,7,2.18,3,3.49,7,4.34,3,2.72,5,3.41,7,3.67,3,4.28,7,4.36,4,3.2,5,4.81,3,3.06,5,4.6,6,3.52,6,1.45,7,4.41,7,2.07,3
TasteCraft Café,Restaurant/Food outlet,2024-07-19,103.495,0.3,2.44,5,2.73,5,4.94,5,3.77,5,3.26,7,4.47,5,4,4,2.55,3,4.24,5,2.52,6,3.62,4,4.82,5,3.02,7,4.1,4,4.56,7,2.55,3,2.36,4,4.85,7,4.43,5
The Flavor Bistro,Restaurant/Food outlet,2024-05-18,102.955,0.972,3.98,3,2.29,3,3.35,6,2.71,4,3.28,6,4.83,5,4.55,7,4.24,3,2.49,7,3.88,3,2.6,6,4.97,7,4.69,6,4.05,4,3.35,6,4.5,4,3.89,3,2.16,6,1.45,3
The Hungry Herbivore,Restaurant/Food outlet,2024-05-10,104.795,1.905,4.31,6,4.97,7,3.67,4,3.81,5,2.53,6,3.53,3,4.11,3,4.62,4,2.83,7,2.23,7,2.67,5,2.4,3,4.76,5,2.16,3,2.88,3,2.14,5,4,6,4.28,6,4.68,5
Epic Eats,Restaurant/Food outlet,2024-06-19,103.748,0.463,2.78,3,2.55,4,3.67,3,3.68,3,1.22,3,3.24,3,4.69,7,2.9,6,2.32,3,3.75,3,3.63,3,3.53,5,3.71,4,3.71,7,3.77,5,3.11,3,3.03,7,3,7,3.35,4
Comfort Cuisine,Restaurant/Food outlet,2024-06-06,104.005,1.556,4.6,5,4.24,7,3.29,4,2.17,5,2.11,6,4.37,5,2.4,7,2.71,7,3.24,5,4.74,3,3.25,4,3.12,7,2.79,4,3.62,4,2.56,7,2.16,4,1.88,7,3.71,5,2.74,6
Flavors of the World,Restaurant/Food outlet,2024-07-21,103.99,1.625,4.39,3,3.98,7,3.19,3,4.23,5,2.18,7,3.65,5,2.83,6,3.19,6,2.09,5,4.34,6,2.7,6,3.39,6,4.73,4,4.9,5,4.1,4,3.44,4,2.68,4,1.77,5,3.02,6
Culinary Creations,Restaurant/Food outlet,2024-06-05,104.182,0.403,4.14,4,2.03,6,4.48,3,4.72,5,4.59,3,2.05,6,3.32,6,4.02,5,4.7,4,3.96,6,3.54,7,3.44,6,4.47,3,3.99,5,3.01,5,3.12,5,4.61,4,1.01,4,1.31,3
Tasteful Taverna,Restaurant/Food outlet,2024-06-16,103.964,0.935,3.88,3,2.77,3,3.8,6,2.61,3,3.43,7,2.89,6,2.3,7,4.67,7,4.28,4,4.02,6,2.52,6,4.09,7,3.67,6,3.05,3,4.31,5,2.15,4,1.03,6,3.96,4,1.17,7
Delightful Bites,Restaurant/Food outlet,2024-06-31,103.792,0.753,4.11,7,4.6,5,2.51,5,4.82,4,1.52,6,4.05,6,3.13,3,4.04,5,3.54,3,3.63,7,4.73,5,4.58,4,3.09,4,2.91,7,2.08,4,3.32,5,3.52,5,0.99,3,4.81,7
The Gourmet Gathering,Restaurant/Food outlet,2024-07-06,104.318,1.39,3.43,4,2.82,4,2.24,3,4.09,5,0.89,5,2.66,4,3.13,3,3.29,3,3.44,4,3.59,6,3.17,4,4.27,6,4.67,3,3.15,7,2.79,5,3.27,4,2.55,5,2.61,5,4.31,5
Sunset Grill,Restaurant/Food outlet,2024-05-14,104.455,1.631,4.29,3,2.97,3,2.71,6,4.84,6,4.91,5,2.15,5,2.87,7,2.4,7,4.07,4,2.97,4,2.93,3,2.78,5,3.63,5,4.52,7,3.94,6,3.99,4,3.49,6,1.21,3,1.61,7
Urban Bistro,Restaurant/Food outlet,2024-05-23,102.968,0.459,3.35,5,2.85,6,3.67,4,2.2,4,4.42,3,2.79,5,3.85,6,4.53,5,2.4,6,2.18,5,3.48,4,2.15,4,4.63,7,4.01,6,3.14,5,4.79,3,4.86,6,1.85,6,1.15,5
The Culinary Corner,Restaurant/Food outlet,2024-06-26,104.35,0.954,4.23,4,3.83,7,3.93,3,4.83,3,2.99,7,3.37,6,4.39,6,3.93,5,4.39,3,3.16,7,3.71,3,2.55,6,4.09,5,4.72,7,3.36,7,3.44,6,2.8,3,4.44,6,3.86,3
Rustic Roost,Restaurant/Food outlet,2024-06-26,103.927,2.175,2.97,7,3.67,3,3.04,6,3.01,6,4.29,3,4.33,7,4.68,5,4.99,5,4.65,4,2.09,5,2.51,5,3.22,6,4.86,4,4.41,5,3.03,5,3.82,3,4.53,3,4.43,3,2.82,7
Epicurean Eats,Restaurant/Food outlet,2024-05-23,104.235,0.629,4.96,3,3.16,4,3.03,3,4.26,7,2,7,3.43,4,2.46,7,2.45,3,3.22,7,5,4,3.34,5,4.55,3,4.41,7,3.31,7,3.06,4,2.57,7,3.88,7,3.73,3,3.11,4
TasteTreasure,Restaurant/Food outlet,2024-05-11,104.502,0.393,3.67,7,3.42,6,3.85,7,4.08,6,2.09,7,2.03,6,3.66,7,4.13,5,2.21,3,2.97,6,3.14,7,4.51,4,4.84,4,2.99,3,2.15,6,4.91,6,3.83,6,4.81,7,4.41,5
The Flavor Factory,Restaurant/Food outlet,2024-05-31,103.814,1.956,3.87,4,2.87,3,2.91,6,3.86,7,1.03,4,4.36,4,3.08,7,4.51,7,4.42,5,3.92,5,4.29,3,2.33,3,3.24,4,3.46,6,4.62,4,2.97,3,1.29,5,3.82,5,4.21,4
Cozy Eats Café,Restaurant/Food outlet,2024-07-02,103.59,1.082,2.96,7,4.64,3,4.66,7,2.53,5,3.78,4,2.12,4,2.09,3,4.12,3,3.93,5,4.94,4,3.06,7,4.27,5,3.47,4,4.07,4,4.2,7,2.92,6,2.11,7,2.54,7,4.37,5
Savory Delights,Restaurant/Food outlet,2024-05-03,104.503,1.349,4.91,6,3.15,3,2.45,5,4.31,5,1.92,4,4.19,6,2.3,4,4.98,4,2.09,3,3.03,6,4.28,7,3.21,6,3.6,7,3.63,7,3.33,7,3.88,5,1.4,4,3.11,5,2.66,4
The Gourmet Gem,Restaurant/Food outlet,2024-05-08,103.665,0.663,3.59,5,3.84,5,2.56,6,2.52,5,2.89,6,4.92,4,2.15,7,3.8,7,2.53,7,4.06,5,3.53,4,3.34,4,4.12,6,4.74,6,3.14,3,3.15,3,2.75,4,2.42,3,4.52,7
The Hungry Chef,Restaurant/Food outlet,2024-07-06,102.906,1.862,4.17,5,2.77,5,4.86,3,3.4,6,3.03,5,2.08,3,2.16,6,4.38,7,4.68,5,3.38,5,3.09,5,3.87,3,4.47,6,2.32,7,3.34,4,3.51,4,4.32,5,3.15,4,4.86,6
Flavorful Feast,Restaurant/Food outlet,2024-05-07,103.862,0.886,2.21,7,4.69,4,4.54,6,2.79,7,1.56,6,2.79,7,2.36,4,2.54,3,3.06,4,2.87,6,3.98,4,3.49,7,3.48,4,3.01,4,3.76,5,4.18,3,1.75,7,4.81,4,1.28,4
The Urban Diner,Restaurant/Food outlet,2024-07-08,102.997,1.437,3.54,7,2.46,5,2.72,6,3.47,3,2.75,4,4.55,3,4.03,6,4.94,7,3.12,7,3.69,7,2.36,5,3.34,6,2.64,5,2.36,5,2.74,5,4.05,4,0.89,7,4.15,4,3.04,6
Culinary Comforts,Restaurant/Food outlet,2024-05-20,104.537,1.613,4.99,4,2.13,5,4.73,4,4.48,6,3.59,3,2.21,4,3.83,7,3.78,5,4.46,4,2.75,3,2.06,3,2.48,7,2.53,4,4.45,7,4.12,7,2.18,4,1.78,4,4.32,5,3.24,3
Epicurean Bistro,Restaurant/Food outlet,2024-07-12,104.034,0.912,2.56,7,2.14,6,3.52,5,3.41,5,4.4,3,4.53,5,3.39,7,4.72,6,3,6,4.34,5,2.42,7,4.88,6,4.94,4,3.53,4,4.54,6,4.3,3,3.78,6,2.42,6,2.99,5
The Flavorful Fork,Restaurant/Food outlet,2024-06-19,104.761,1.563,4.85,6,4.59,7,3.52,3,4.94,6,0.91,6,3.38,7,4.65,5,2.83,4,4.39,3,2.96,6,3.72,4,4.9,5,3.78,5,2.05,6,2.83,6,3.8,5,2.75,6,2.75,4,1.9,3
The Savory Spoon,Restaurant/Food outlet,2024-05-02,103.33,0.904,3.89,4,3.48,5,2.84,6,2.8,3,1.97,3,3.04,7,3.33,3,3.06,7,2.73,5,3.14,5,3.92,3,2.61,4,3.37,7,2.38,7,4.28,3,2.74,7,3.43,5,2.25,4,2.5,7
The Food Haven,Restaurant/Food outlet,2024-06-24,104.619,2.11,3.55,5,3.97,3,2.8,4,3.13,6,0.89,6,3.97,7,4.12,4,3.74,4,3.33,4,3.85,6,2.94,7,4.75,3,4.03,5,2.49,4,4.07,6,4.61,7,4.44,6,4.76,5,4.06,6
Rustic Retreat,Restaurant/Food outlet,2024-05-19,103.838,1.457,2.28,3,2.21,5,3.54,3,3.37,4,1.72,5,4.78,5,4.28,3,4.34,4,4.82,3,2.05,6,3.71,3,3.18,6,2.53,7,3.6,4,3.67,6,2.3,4,4.58,3,3.85,3,1.01,6
Urban Eats Café,Restaurant/Food outlet,2024-05-29,103.285,1.155,4.92,5,3.84,7,2.15,3,2.22,6,0.92,5,4.15,7,4.34,5,3.29,5,2.37,6,2.84,7,4.3,5,2.5,5,4.49,3,2.12,3,4.32,6,4.16,4,2.16,4,3.73,6,4.59,3
Tasty Treats,Restaurant/Food outlet,2024-06-19,104.472,0.438,4.94,4,3.45,7,3.31,6,2.71,4,1.5,3,3.22,7,2.22,7,2.4,4,3.48,7,4.52,5,4.16,6,3.41,5,3.26,3,4.23,3,4.27,7,2.95,5,3.66,4,1.91,3,1.74,7
The Flavor Spot,Restaurant/Food outlet,2024-06-04,103.932,0.905,4.72,4,2.52,3,3.37,7,3.67,4,3.51,6,3.01,7,3.35,3,4.69,4,4.6,7,3.14,7,3.31,6,4.22,4,4.67,6,4.05,7,3.84,6,4.54,6,2.69,6,4.93,4,2,3
Gourmet Grill,Restaurant/Food outlet,2024-05-03,104.466,1.1,4.62,4,4.84,7,2.19,4,2.4,4,1.58,4,3.56,3,2.91,4,2.63,5,4.15,3,2.7,3,3.58,3,4.19,3,2.97,3,2.05,7,4.89,5,4.46,7,4.74,7,2.56,7,3.81,4
Cozy Cuisine,Restaurant/Food outlet,2024-07-25,103.714,1.879,3.12,4,4.82,5,4.44,6,2.28,4,0.97,5,3.28,3,4.2,3,2.19,4,3.26,3,2.23,4,2.4,5,2.36,3,2.71,3,4.38,4,2.37,7,4.42,5,4.17,6,1.81,4,1.76,3
Flavor Fusion,Restaurant/Food outlet,2024-06-10,104.369,2.187,2.46,5,3.67,3,3.67,5,2.71,6,3.06,5,3.51,3,2.53,5,2.07,4,2.51,4,3.84,6,2.33,7,4.39,5,3.27,4,3.55,3,4.55,5,3.36,5,2.65,6,3.52,6,1.61,5
Epicurean Experience,Restaurant/Food outlet,2024-06-28,103.472,2.218,4.47,6,2.25,3,2.56,4,4.98,5,2.7,6,3.29,3,3.3,6,4.44,4,4.92,5,4.6,6,2.73,4,3.72,5,2.72,3,4.92,5,2.69,6,2.19,7,2.02,6,4.31,4,2.5,7
Culinary Delight,Restaurant/Food outlet,2024-05-01,104.753,1.892,4.19,7,3,6,4.89,4,3.82,6,4.25,4,4.38,7,2.11,5,3.52,6,4.14,4,3.31,3,2.33,6,3.53,4,3.38,3,3.84,7,3.78,4,3.36,4,4.22,3,3.53,5,4.93,7
Savory Sensations,Restaurant/Food outlet,2024-05-18,103.219,0.373,4.82,3,4.93,3,4.01,5,2.25,3,4.01,5,4.37,3,4.03,4,2.08,3,2.42,5,4.67,3,2.29,4,4.06,6,3.6,5,3.19,7,3.83,4,2.23,5,4.15,4,1.51,3,2.57,4
Tasty Temptations,Restaurant/Food outlet,2024-06-21,103.201,1.223,2.54,5,2.24,3,3.15,3,3.1,4,3.6,7,3.62,3,4.65,7,4.99,5,3.42,3,3.58,5,2.43,3,3.01,7,3.49,5,3.87,7,4.66,3,4.44,4,4.2,7,3.79,7,2.77,4
Urban Flavor,Restaurant/Food outlet,2024-06-13,104.343,2.108,4.47,5,3.68,7,2.29,3,3.09,7,2.46,7,2.5,4,3.6,6,2.59,4,3.6,7,3.01,3,4.09,7,4.37,7,3.16,5,4.22,5,4.32,4,4.83,6,2.05,6,2.1,5,3.55,4
Rustic Feast,Restaurant/Food outlet,2024-06-27,103.884,1.795,3.96,4,2.95,4,2.06,7,4.65,4,4.03,3,3.06,6,3.7,7,4.56,3,3.93,6,2.56,7,3.01,7,3.14,4,2.97,5,2.44,7,3.6,4,3.14,3,2.77,4,2.15,6,2.48,6
The Culinary Delight,Restaurant/Food outlet,2024-05-21,103.113,2.036,4.41,6,2.78,4,2.23,3,4.97,4,2.31,7,3.51,4,3.27,6,2.15,5,3.99,4,3.04,4,4.87,6,3.89,3,2.88,3,3.15,3,3.18,3,4.78,7,1.24,7,2.52,6,4.09,7
Gourmet Eats,Restaurant/Food outlet,2024-05-02,103.427,1.39,2.76,3,2.53,7,2.39,5,3.32,3,2.2,6,3.47,6,4.84,4,2.43,7,3.35,7,2.54,3,2.26,7,3.72,6,4.99,7,2.04,3,3.19,3,3.53,5,3.87,6,4,7,2.89,7
Cozy Corner Diner,Restaurant/Food outlet,2024-05-27,104.505,2.124,3.87,6,2.71,7,2.82,3,3.46,6,2.92,3,4.48,6,4.42,6,4.93,3,4.98,6,2.42,5,2.24,7,4.79,7,3.91,6,3.12,4,4.71,7,2.23,3,2.92,7,0.95,5,3.79,5
The Flavor Haven,Restaurant/Food outlet,2024-06-14,103.308,2.047,4.84,3,2.77,7,3.51,7,3.46,7,1.42,7,2.39,5,4.74,6,2.79,3,4.79,6,3.52,6,2.6,4,2.66,6,3.16,7,2.7,5,2.9,5,4.04,7,1.7,3,3.44,6,2.42,3
Culinary Creations Café,Restaurant/Food outlet,2024-06-10,103.383,1.826,4.97,5,4.22,6,3.42,5,3.9,5,1.09,6,4.43,5,2.86,7,2.75,3,2.49,5,2.95,5,2.85,5,3.39,4,2.55,3,3.46,7,2.02,5,3.63,4,4.43,4,2.86,3,4.98,4
Savory Eats,Restaurant/Food outlet,2024-07-23,104.083,0.976,2.88,4,4.29,4,3.14,4,2.29,5,4.34,7,3.73,6,4.05,5,2.37,3,2.7,6,3.84,3,2.96,6,4.47,5,2.47,3,3.3,5,2.68,7,4.95,5,3.21,4,2.08,7,4.98,3
Epicurean Escape,Restaurant/Food outlet,2024-05-25,102.856,2.073,3.87,3,2.99,4,2.8,6,2.04,4,1.22,4,3.16,3,4.19,7,2.41,4,3.95,4,3.89,4,2.75,5,3.83,6,2.84,5,2.42,6,3.84,3,2.04,5,4.15,7,4.03,3,3.12,4
Flavor Feast,Restaurant/Food outlet,2024-06-21,104.174,2.049,2.13,5,2.26,6,4.65,7,4.37,7,3.56,7,2.66,3,2.78,5,3.68,5,3.01,6,2.12,6,3.26,6,3.08,6,3.93,6,4.47,7,2.41,6,2.45,4,3.89,7,3.06,7,1.51,5
The Rustic Spot,Restaurant/Food outlet,2024-07-04,103.019,1.427,4.89,7,2.12,3,3.15,6,4.9,3,2.33,6,4.99,3,2.33,6,2.41,5,2.22,4,4.08,6,4.17,6,2.31,4,4.92,3,2.26,3,4.65,4,2.79,3,2.42,4,4.73,3,2.41,5
Urban Tastes,Restaurant/Food outlet,2024-05-06,102.836,2.159,2.99,4,2.79,3,2.74,7,4.14,5,4.79,5,3.35,4,4.2,5,3.86,6,3.41,7,3.95,7,2.74,6,2.26,7,3.77,4,4.1,7,3.72,7,2.13,7,4.34,5,1.73,6,4.84,4
Gourmet Garden,Restaurant/Food outlet,2024-05-06,104.514,0.647,3.78,5,2.89,4,4.02,6,4.79,5,4.31,3,3.23,6,4.98,6,2.49,7,2.05,5,4.76,7,2.39,6,2.36,3,3.02,5,3.28,4,3.94,7,4.79,5,4.71,7,2.31,3,3.86,4
Cozy Nook Café,Restaurant/Food outlet,2024-07-30,103.123,1.469,4.9,3,2.04,5,3.77,5,4.08,7,4.47,5,3.81,7,2.72,4,3.06,5,3.03,4,2.37,3,4.27,7,2.77,4,3.62,6,4.03,7,4.69,7,4.92,5,0.86,3,1.03,4,4.85,4
Flavor Bistro,Restaurant/Food outlet,2024-05-26,103.364,2.167,3.87,6,4.7,3,3.44,7,4.93,5,4.27,6,2.91,3,2.57,6,3.92,6,4.92,4,3.44,7,3.47,4,3.7,5,3.78,5,3.79,7,2.64,7,4.26,7,1.33,5,2.88,6,1.03,7
Culinary Comforts Café,Restaurant/Food outlet,2024-06-22,103.711,1.478,4.29,5,3.8,6,4.17,7,2.61,6,2.03,7,3.07,6,4.58,6,4.58,6,2.03,5,2.2,4,3.4,7,2.9,5,2.37,4,4.18,4,3.83,3,2.72,7,2.17,3,1.76,5,4.12,5
Savory Escape,Restaurant/Food outlet,2024-05-30,103.039,0.82,4.71,5,2.5,6,4.88,5,3.87,5,2.25,7,2.59,6,4.63,6,2.2,4,4.66,3,4.62,3,3.42,6,2.18,6,4.51,7,4.05,7,4.95,7,4.64,6,2.59,6,3.6,3,2.16,4
Epicurean Bistro & Bar,Restaurant/Food outlet,2024-07-06,102.864,0.734,4.96,4,3.2,3,2.35,7,3.73,7,4.4,7,4.97,6,4.55,3,3.71,4,3.54,3,2.18,5,3.34,4,4.84,7,4.23,5,2.14,7,2.3,6,3.52,7,4.98,6,2.67,7,4.03,4
Flavor Junction,Restaurant/Food outlet,2024-05-22,104.824,1.652,3.75,3,4.31,4,2.77,5,2.03,6,1.08,5,2.92,7,2.12,5,3.49,4,2.15,6,2.74,4,4.43,6,2.93,5,4.31,7,4.11,3,3.7,3,2.89,5,3.52,6,4.98,3,4.84,4
Rustic Rendezvous,Restaurant/Food outlet,2024-07-30,103.35,0.824,3.66,4,2.87,3,3.88,7,2.69,5,3.45,5,3.85,6,2.85,3,3.38,3,3.56,7,4.22,5,2.86,4,4.93,5,4.12,3,2.01,4,2.48,3,3.06,4,3.85,3,2.15,4,4.07,5
Urban Harvest,Restaurant/Food outlet,2024-07-21,103.393,1.674,2.62,3,3.96,5,2.71,5,4.24,3,3.68,3,2.23,3,2.7,3,4.63,5,3.48,7,4.05,7,3.72,6,4.98,3,2.7,7,4.56,6,4.21,6,3.26,4,1.25,5,1.11,5,1.54,6
Gourmet Haven,Restaurant/Food outlet,2024-06-16,104.383,0.694,3.01,6,4.83,4,4.84,6,4.53,6,2.6,4,4.39,7,4.09,3,4.9,3,3.23,3,3.97,7,3.38,5,4.55,5,2.74,5,3.94,3,3.13,6,3.99,6,3.68,6,2.75,3,1.27,4
Cozy Café,Restaurant/Food outlet,2024-07-18,104.434,1.977,3.99,7,2.78,7,3.47,3,3.93,4,1.22,4,2.57,5,2.47,4,2.85,7,3.78,6,2.48,6,2.65,5,4.18,5,4.12,3,2.91,5,2.86,6,2.98,3,3.13,4,2.03,3,3.8,4
Flavor Fusion Bistro,Restaurant/Food outlet,2024-05-07,103.711,1.409,2.88,5,2.58,6,4.76,6,4.65,6,3.58,7,3.45,3,4.5,4,2.62,6,3.54,4,2.53,7,4.48,7,3.09,5,2.53,7,4.03,5,3.79,7,3.77,6,0.81,4,1.94,3,2.35,5
Culinary Creations & More,Restaurant/Food outlet,2024-05-10,104.352,0.652,3.8,4,4.94,3,4.29,5,4.31,7,4.73,4,3.09,5,3.99,5,3.22,5,4.46,4,4.9,5,2.81,6,3.32,5,4.6,5,4.96,4,2.42,3,4.59,7,3.96,3,3.77,5,0.96,5
Savory Junction,Restaurant/Food outlet,2024-07-11,103.844,0.833,3.49,4,4.2,5,3.3,4,2.92,3,3.42,5,2.04,6,3.71,7,4.38,6,3.97,5,4.06,5,3.26,6,2.69,7,3.45,5,3.6,4,4.05,3,2.17,7,2.57,6,4.05,5,0.82,6
Epicurean Retreat,Restaurant/Food outlet,2024-06-29,104.243,2.215,2.64,6,4.42,7,3.26,4,2.76,7,2.47,4,4.86,6,2.65,3,2.21,6,3.96,3,4.46,4,2.96,6,4.04,5,2.36,7,2.5,7,4.57,3,4.66,3,3.35,5,1.11,7,3.14,3
Flavor Haven Café,Restaurant/Food outlet,2024-06-10,104.103,1.515,2.25,5,2.5,5,2.16,6,2.34,5,1.79,3,4.27,7,4.05,4,4.04,7,2.01,5,4.44,3,4.22,6,2.72,6,3.98,7,4.21,5,4.63,5,3.03,7,2.3,5,3.41,4,2.97,4
Rustic Nook,Restaurant/Food outlet,2024-07-04,104.153,1.422,4.48,3,3.65,7,4.71,7,4.94,7,0.97,3,2.16,4,2.2,4,3.51,6,2.15,7,2.19,7,2.93,6,2.06,7,4.44,3,2.47,6,2.23,5,3.19,6,1.15,3,0.97,5,3.67,3
Urban Eats Diner,Restaurant/Food outlet,2024-05-02,103.521,0.883,3.49,6,2.99,3,3.82,5,4.36,5,2.25,6,2.91,5,4.35,7,3.38,7,3.31,6,2.47,3,3.36,4,2.16,4,3.19,6,4.33,3,4.05,7,4.11,5,1.85,6,2.93,4,3.64,7
Gourmet Retreat,Restaurant/Food outlet,2024-07-23,104.567,0.645,4.68,7,3.68,7,3.56,4,3.69,7,4.24,7,3.49,6,4.76,4,4.5,6,3.17,7,3.63,6,3.98,7,2.6,3,4.27,5,3.84,5,3.26,5,3.5,6,4.38,6,4.81,4,2.66,7
Cozy Comfort Café,Restaurant/Food outlet,2024-06-30,104.759,1.48,2.72,5,2.81,5,2.97,3,2.38,7,4.51,3,3.23,4,2.57,3,2.36,6,4.84,3,3.5,6,4.23,6,4.24,7,4.61,4,3.85,3,2.52,7,4.68,6,2.63,6,4.04,4,1.72,6
Flavor Escape,Restaurant/Food outlet,2024-06-18,103.562,0.48,3.2,5,4.52,5,3.11,7,2.18,7,4.45,4,4.43,3,4.67,6,4.52,3,2.45,7,3.26,3,2.4,4,4.27,4,2.81,4,3.46,6,2.74,5,3.45,7,1.33,6,2.13,7,3.26,6
Culinary Experience,Restaurant/Food outlet,2024-07-24,103.932,1.482,2.71,5,4.32,5,4.49,6,2.15,7,2.55,4,2.12,5,3.85,3,4.7,7,4.72,4,3.51,4,2.1,4,3.6,7,3.56,7,3.73,7,2.93,5,3.27,4,1.3,6,2.42,5,3.18,5
Savory Bistro,Restaurant/Food outlet,2024-07-17,104.222,1.201,2.43,5,4.48,6,2.12,4,2.28,7,2.93,5,2.41,6,4.93,4,4.19,3,3.68,6,4.08,7,4.54,7,4.03,6,2.78,6,3.04,5,4.36,4,4.41,3,4.61,3,3.04,6,4,4
Epicurean Nook,Restaurant/Food outlet,2024-07-03,104.641,0.413,3.46,6,4.82,6,4.1,6,3.27,3,2.45,4,2.73,3,4.32,6,4.16,5,4.68,7,4.04,5,3.83,4,3.36,3,4.67,6,3.8,4,4.41,5,3.04,5,1.28,4,4.93,6,2.54,3
Flavorful Eats,Restaurant/Food outlet,2024-06-31,104.188,1.762,2.51,5,2.76,5,2.88,4,4.84,4,3.84,6,3.02,6,4.57,4,3.28,6,4.82,6,2.04,5,4.47,7,2.79,4,2.15,3,3.85,6,4,4,4.67,7,2.76,4,3.91,5,1.01,7
Rustic Harvest,Restaurant/Food outlet,2024-07-09,104.815,1.881,2.42,3,4.89,7,3.97,5,3.07,5,1.8,7,3.26,3,2.46,5,3.11,5,4.32,3,2.49,6,2.92,7,2.2,5,2.8,4,2.18,3,2.92,5,4.44,5,4.71,3,2.29,3,3.13,7
Urban Gourmet,Restaurant/Food outlet,2024-06-06,103.193,0.864,2.96,7,2.07,3,4.3,5,4.59,6,3.51,3,3.67,5,4.97,6,2.81,7,2.22,4,3.75,5,4.91,6,4.46,6,3.37,3,2.37,3,4.32,4,2.76,7,1.16,6,1.59,5,1.04,3
Cozy Bistro,Restaurant/Food outlet,2024-05-03,104.061,1.208,4.2,3,4.68,7,3.97,6,4.61,3,3.84,4,3,4,2.39,6,4.32,3,3.42,7,4.42,3,2.13,3,2.76,5,3.09,5,2.33,6,2.98,6,2.97,6,3.73,3,2.23,3,3.62,7
Flavorful Bistro,Restaurant/Food outlet,2024-06-17,104.702,1.439,2.76,7,2.92,3,3.8,5,3.48,7,3.34,4,3,4,2.02,7,2.91,6,4.55,3,2.77,6,2.4,4,4.3,3,4.04,4,3.89,6,4.4,7,2.8,5,1.44,4,1.46,7,3.78,5
Culinary Comfort,Restaurant/Food outlet,2024-06-12,104.385,1.335,3.77,4,3.34,7,2.27,3,4.99,3,3.62,5,4.16,3,3.62,7,2.42,4,3.48,5,4.41,7,2.19,7,2.7,6,3.28,6,3.49,6,4.48,3,2.91,3,2.35,5,4.04,5,3.85,6
Savory Experience,Restaurant/Food outlet,2024-05-02,103.196,2.181,3.49,7,3.76,3,2.8,6,2.5,6,2.89,4,4.17,4,2.18,3,3.83,5,3.24,3,3.8,3,2.88,3,2.35,7,3.48,3,4.53,6,4.71,3,2.71,3,3.91,7,2.91,4,1.55,3
Epicurean Feast,Restaurant/Food outlet,2024-07-12,104.302,1.092,3.48,5,3.73,3,2.56,5,3.11,4,3.47,4,2.62,5,3.82,7,3.13,6,3.23,5,3.17,7,2.55,4,3.02,3,2.36,6,4.92,3,2.04,4,4.41,7,1.49,4,4.99,4,3.98,7
Flavorful Retreat,Restaurant/Food outlet,2024-07-21,104.46,1.955,2.14,7,2.03,7,4.8,6,3.85,6,4.96,3,2.31,4,4.73,5,3.81,6,2.93,4,3.61,3,3.85,6,3.53,5,3.04,7,3.04,5,3.1,5,2.81,6,1.37,5,3.04,6,1.69,5
Rustic Bistro,Restaurant/Food outlet,2024-07-01,104.291,0.46,2.77,3,2.75,5,3.4,4,3.74,6,4.42,4,3.18,6,3.64,5,2.25,3,3.17,3,3.46,5,2.72,4,2.66,7,2.1,5,3.03,5,3.47,7,4.09,7,4.2,4,1.6,4,1.75,7
Urban Epicure,Restaurant/Food outlet,2024-05-25,103.521,2.006,2.03,4,2.47,3,2.72,5,3.49,3,3.28,4,4.41,3,2.64,3,2.31,6,4.68,6,4.82,3,4.87,3,2.93,3,4.11,6,4.39,4,2.67,6,3.55,4,2.24,7,3.32,5,2.54,7
Gourmet Spot,Restaurant/Food outlet,2024-05-10,103.308,0.996,4.21,4,2.74,6,3.33,3,3.98,6,4.6,6,3.32,6,2.52,3,4.58,5,2.51,4,3.42,7,3,3,2.91,4,2.68,6,3.59,7,4.44,6,2.33,7,4.48,4,1.39,7,3.3,7
Cozy Eats,Restaurant/Food outlet,2024-06-01,103.635,0.565,3.77,4,2.53,5,2.21,7,2.82,3,4.28,5,2.21,6,4.44,5,4.7,6,3.28,7,3.18,7,4.75,3,2.4,3,3.09,3,3.66,5,4.51,5,4.78,4,1.27,7,3.12,6,1.14,4
Flavor Experience,Restaurant/Food outlet,2024-06-19,103.26,1.497,4.36,7,2.98,4,4.79,7,3.16,4,3.21,3,3.33,7,3.95,5,2.42,4,2.37,6,4.77,7,3.79,4,3.07,5,3.22,7,3.6,6,2.78,7,3.19,4,1.21,4,4.07,3,3.53,5
Culinary Escape,Restaurant/Food outlet,2024-05-21,103.918,0.571,2.17,3,2.89,6,2.37,7,3.6,4,4.48,3,4.77,4,3.23,5,2.19,4,4.81,5,2.91,6,4.95,6,4.82,3,2.07,5,3.81,4,2.64,3,3.5,6,3.56,4,2.07,4,2.01,4
Savory Junction Café,Restaurant/Food outlet,2024-05-06,102.97,1.437,3.88,6,4.89,6,2.14,7,3.14,6,1.82,4,4.87,3,3.3,3,3.12,7,4.07,3,3.45,4,3.63,6,4.07,6,3.23,6,4.35,6,4,7,4.89,7,2.95,4,3.79,3,4.6,7
Epicurean Eats & More,Restaurant/Food outlet,2024-07-16,103.146,2.112,2.36,7,4.14,4,4.06,4,2.06,7,4.25,4,3.38,3,2.34,4,2.71,4,3.69,4,2.73,3,4.32,3,2.27,6,4.97,3,2.67,5,4.58,6,3.65,7,3.16,4,1.32,6,1.36,7
Flavorful Café,Restaurant/Food outlet,2024-06-13,104.086,2.278,3.35,7,3.53,7,3.47,7,2.88,5,1.84,7,3.34,7,4.4,5,2.29,3,4.24,7,2.01,5,3.67,5,4.51,6,3.49,5,4.01,6,2.59,4,3.75,5,3.11,7,0.99,5,1.49,4
Rustic Eats,Restaurant/Food outlet,2024-05-12,103.696,2.236,3.82,4,4.05,4,2.07,3,3.52,5,3.35,7,2.02,6,4.94,5,4.55,5,4.79,7,4.24,3,3.77,6,3.01,5,2.25,4,2.91,7,3.62,4,2.29,3,2.49,5,2.39,3,4.02,6
Urban Retreat,Restaurant/Food outlet,2024-06-08,104.332,0.899,2.21,5,3.95,3,2.35,5,4.53,4,3.36,3,4.38,4,4.98,5,4.58,5,2.13,6,2.67,7,4.93,6,4.97,4,3.93,4,4.36,5,4.92,3,3.16,3,1.19,4,4.28,4,1.27,5
Gourmet Bistro,Restaurant/Food outlet,2024-06-27,102.923,0.602,3.38,6,3.09,3,2.91,7,3.59,4,3.3,5,3.15,6,3.39,3,4.31,3,4.95,3,4.29,3,3.6,4,2.75,5,4.94,5,4.09,4,2.53,4,3.97,4,2.18,4,3.56,6,3.73,3
Cozy Comforts Diner,Restaurant/Food outlet,2024-07-01,103.678,1.851,2.97,4,2.41,3,3.48,4,2.39,7,2.93,4,2.55,7,2.79,3,4.78,6,3.67,5,4.52,3,2.86,7,2.71,4,2.38,6,2.87,6,3.41,4,4.24,6,1.4,3,1.12,5,2.96,6
Flavor Junction Café,Restaurant/Food outlet,2024-07-10,103.504,1.221,2.18,6,4.96,7,4.65,4,3.49,5,3.2,7,4.45,4,3.98,3,3.82,6,3.52,7,2.78,5,3.12,5,4.94,5,4.75,3,3.83,6,3.18,4,3.26,6,1.12,7,3.58,6,3.02,5
Culinary Delight Café,Restaurant/Food outlet,2024-06-22,103.763,1.281,3.22,6,4.49,7,3.01,3,3.3,3,0.98,5,3.07,3,4.79,4,3.55,6,2.97,6,3.09,3,2.5,7,4.72,5,4.96,4,3.79,4,4.57,7,3.65,7,3.88,6,3.94,7,4.28,7
Savory Spot Café,Restaurant/Food outlet,2024-07-16,103.067,1.681,4.63,3,3.12,6,3.16,6,4.02,5,4.02,6,4.59,6,3.05,4,3.9,5,4.1,7,4.66,6,2.6,4,4.68,3,4.4,7,3.64,7,4.14,7,2.09,4,4.73,7,1.6,5,2.77,5
Epicurean Garden,Restaurant/Food outlet,2024-05-23,104.087,1.301,2.02,6,2.12,3,4.83,6,4.71,5,1.03,5,2.38,5,4.41,3,2.76,7,4.54,3,2.09,5,3.9,6,3.78,5,3.66,7,3.53,4,2.25,4,2.79,5,4.21,4,4.81,3,2.19,7
Flavorful Garden,Restaurant/Food outlet,2024-05-23,103.307,0.457,4.9,5,2.16,3,2.21,3,2.04,6,3.49,7,4.45,3,3.11,4,3.75,4,3.6,6,3.35,5,2.78,7,2.92,4,3.05,6,4.79,6,4.8,3,3.63,7,2.83,4,4.47,4,4.93,7
Rustic Café,Restaurant/Food outlet,2024-06-26,104.106,1.076,4.9,6,3.15,3,3.45,5,2.05,3,2.05,6,4.32,5,4.65,6,4.29,3,2.5,6,4.02,6,4.87,3,4.36,5,2.37,3,2.38,4,4.42,3,4.35,4,4.31,5,1.63,4,1.86,7
Urban Escape,Restaurant/Food outlet,2024-06-19,103.885,1.381,4.08,7,2.94,7,2.5,4,3.8,3,3.02,3,3.26,7,2.98,7,4.13,7,3.25,3,4.33,7,4.59,7,4.15,6,2.57,5,2.04,6,3.79,3,2.25,6,4.83,4,4.06,5,2.86,5
Gourmet Escape,Restaurant/Food outlet,2024-07-09,104.533,0.995,4.73,7,2.51,5,3.52,5,4.26,4,2.65,5,3.64,4,4.56,5,3.82,5,3.87,6,4.76,6,3.29,5,4.49,7,4.2,3,2.7,4,4.86,3,2.58,7,2.03,7,4.24,4,3.59,6
Cozy Nook,Restaurant/Food outlet,2024-05-16,104.224,2.127,3.25,3,2.58,5,4.71,7,3.68,6,1,7,2.44,3,4.81,7,4.38,4,4.68,4,3.81,5,4.61,7,4.69,7,3.21,3,3.55,6,2.38,5,4.03,6,2.15,7,1.03,3,3.52,7
Flavor Garden,Restaurant/Food outlet,2024-07-01,103.512,2.024,3.53,6,2.12,3,2,4,3.09,4,2.35,5,4.65,5,2.97,6,2.32,3,3.48,6,3.28,7,2.62,6,4.84,4,4.85,7,3.7,6,2.48,3,2.94,6,2.23,4,0.95,4,3.9,7
Culinary Junction,Restaurant/Food outlet,2024-06-23,104.537,1.364,3.55,7,2.86,6,2.86,3,4.31,5,1.19,6,2.98,6,3.92,7,4.08,6,2.09,5,4.43,6,2.29,4,2.93,3,4.6,3,3.14,6,4.63,5,3.83,7,2.09,3,2.47,5,3.5,3
Savory Haven,Restaurant/Food outlet,2024-06-18,102.978,1.979,4.94,5,2.3,5,4.08,5,2.29,7,2.14,3,3.13,6,2.05,6,3.23,4,2.84,5,4.42,6,3.17,7,2.39,3,4.35,4,3.05,3,2.05,5,3.87,4,1.91,3,3.67,3,3.14,4
Epicurean Eats & Treats,Restaurant/Food outlet,2024-06-02,104.45,0.96,3.33,7,4.4,7,2.72,6,3.55,6,2.44,6,2.97,5,4.54,4,4.86,3,4.2,6,3.78,7,4.62,7,4.85,5,3.1,4,2.8,5,2.53,5,2.05,6,4.75,3,2.93,5,2.09,4
Flavorful Haven,Restaurant/Food outlet,2024-06-22,103.408,0.97,2.99,4,3.11,4,2.18,6,2.57,6,2.25,7,3.71,6,3.74,6,4.34,7,4.41,3,2,3,4.59,4,4.11,3,3.32,4,4.33,4,3.76,4,2.28,5,1.49,6,2.1,3,1.02,4
Rustic Retreat Café,Restaurant/Food outlet,2024-05-28,103.172,1.326,3.88,6,2.71,6,4.12,7,2.9,4,4.3,4,3.18,6,4.93,5,4.68,5,2.14,5,3,7,4.55,5,3,4,3.31,4,4.83,4,2.5,7,2.75,3,2.5,5,4.18,7,1.97,6
Urban Haven,Restaurant/Food outlet,2024-07-23,104.533,1.159,2.15,5,4.7,6,4.49,7,3.42,4,1.1,5,4.16,6,3.19,5,3.66,7,2.51,5,2.81,7,4.75,4,3.99,7,2.3,3,4.84,7,3.73,6,2.18,5,3.47,4,1.05,5,1.66,5
Gourmet Comforts,Restaurant/Food outlet,2024-05-10,103.069,1.066,2.37,6,4.07,7,2.59,7,4.92,6,2.35,3,4.77,6,4.69,7,4.39,5,3.91,4,2.85,6,4.11,7,2.64,4,3.65,3,4.83,5,4.09,5,3.62,4,3.41,5,3.66,6,4.45,4
Cozy Retreat,Restaurant/Food outlet,2024-05-11,104.691,1.204,2.75,7,2.21,5,3.76,7,2.46,7,1.85,4,4.5,3,2.2,4,3.16,7,4.17,3,2.1,5,4.94,5,4.69,6,4.99,5,3.52,3,3.13,6,3.97,4,2.76,4,1.1,4,3.71,6
Flavorful Retreat Café,Restaurant/Food outlet,2024-07-08,103.763,1.554,4.27,4,4.03,3,2.99,3,2.13,6,4.7,6,4.09,6,4.54,5,3.91,4,2.62,4,4.07,5,4.45,3,2.36,4,3.15,5,3.77,3,3.84,5,3.01,4,4.68,4,3.51,6,0.89,6
Culinary Garden,Restaurant/Food outlet,2024-06-08,103.504,1.649,3.48,3,3.54,7,3.91,3,4.24,3,1.52,5,2.47,3,3.55,4,4.82,7,3.39,5,3.27,3,4.12,7,2.85,7,4.06,7,3.01,6,2.14,4,4.6,3,2.39,7,2.98,5,2.49,5
Savory Experience Café,Restaurant/Food outlet,2024-07-28,102.987,1.515,3.94,3,3.75,6,2.03,7,2.81,5,2.49,5,3.39,7,3.97,5,4.96,6,4.64,3,3.81,5,2.72,3,3.52,6,3.2,7,4.08,5,2.6,4,3.7,6,4.47,6,1.98,7,4.24,6
Epicurean Comforts,Restaurant/Food outlet,2024-06-14,104.542,1.181,3.94,4,4.03,3,2.76,7,2.76,5,0.83,5,3.9,6,4.15,6,4.24,4,4.73,5,4.16,5,4.23,4,3.79,6,4.79,3,4.03,3,2.72,5,2.18,6,1.04,5,2.57,5,4.68,7
Flavorful Comforts,Restaurant/Food outlet,2024-07-17,104.169,1.487,3.63,6,2.5,3,2.69,6,2.73,7,3.6,5,3.92,5,2.72,3,4.64,4,2.82,3,3.84,4,4.29,7,4.61,7,2.47,4,4.38,4,2.69,7,4.61,6,3.09,7,3.18,3,0.87,5
Rustic Eats Café,Restaurant/Food outlet,2024-05-10,104.249,0.767,3.51,5,4.27,5,3.14,4,4.79,5,3.24,3,4.67,7,3.47,7,2.71,7,3.79,4,2.77,4,3.3,7,2.12,4,2.87,5,2.85,6,4.6,4,4.14,4,3.36,6,4.74,3,4.81,4
Urban Comforts,Restaurant/Food outlet,2024-05-02,104.382,0.849,4.84,5,3.33,3,3.8,4,2.32,5,4.52,4,2.82,4,4.25,6,3.78,6,3.49,3,3.36,5,4.71,5,4.35,3,3.55,5,4.21,3,3.51,3,4.91,6,3.72,7,1.48,4,2.38,6
Gourmet Experience,Restaurant/Food outlet,2024-05-16,103.503,1.906,4.76,6,2.12,4,2.48,5,2.8,7,2.99,3,4.38,6,4.73,7,4.84,7,3.5,7,3.03,6,4.02,3,3.58,5,4.67,5,2.89,6,3.77,4,4.06,5,3.17,6,4.06,5,4.94,7
Cozy Escape,Restaurant/Food outlet,2024-05-11,103.386,1.509,4.33,3,3.35,6,4.39,6,3.28,7,3.24,5,3.1,7,3.38,7,2.26,3,4.38,4,4.75,4,4.09,7,2.69,3,3.21,3,4.29,3,4.41,6,4.55,7,1.74,3,1.92,3,0.87,3
Flavorful Escape Café,Restaurant/Food outlet,2024-05-02,104.582,0.743,2.77,7,2.93,4,4.71,3,4.3,3,3.84,3,4.2,4,2.28,4,4.37,6,2.44,7,2.61,7,3.42,7,3.85,6,4.22,5,4.55,5,4.91,6,2.4,6,2.69,6,4.25,5,2.51,5
Culinary Comforts Retreat,Restaurant/Food outlet,2024-06-29,104.469,1.964,2.12,6,3.16,7,3.2,3,2.65,5,2.55,3,2.18,7,3.23,3,4.16,5,4.71,6,4.56,7,2.59,6,2.33,6,2.53,7,3.39,6,3.36,5,4.92,3,1.31,7,4.77,5,2.88,6
Savory Garden Café,Restaurant/Food outlet,2024-05-05,103.855,0.859,2.67,3,4.01,7,2.28,5,4.82,3,2.65,6,4.61,5,3.2,3,3.56,5,3.7,5,4.27,4,3.56,7,2.32,5,2.23,6,3.64,4,4.14,5,2.29,3,0.92,3,1.18,4,3.11,4
Epicurean Delight Café,Restaurant/Food outlet,2024-05-28,103.113,0.562,4.18,5,4.93,4,4.41,5,4.05,4,3.07,7,3.44,4,3.52,3,3.46,6,3.58,5,2.91,4,3.16,4,3.39,5,2.07,3,3.74,3,3.01,7,4.46,3,3.16,5,1.01,6,3.52,6
Flavorful Delight,Restaurant/Food outlet,2024-05-23,104.824,0.685,2.59,4,4.36,5,4.69,7,3.87,5,3.88,6,3.44,7,3.09,3,4.4,5,4.72,4,4.15,7,4.19,5,4.06,7,4.46,4,2.55,6,2.02,5,3.46,3,0.94,7,4.17,4,4.74,3
Rustic Comforts Café,Restaurant/Food outlet,2024-05-09,103.469,0.656,2.27,5,4.5,3,2.11,6,3.38,5,4.14,6,3.95,7,2.23,5,2.98,7,2.54,6,2.12,3,4.2,6,3.36,7,3.93,6,2.19,6,4.77,7,4.53,7,0.82,7,4.73,4,3.51,5
Urban Eats & Treats,Restaurant/Food outlet,2024-07-14,103.333,0.65,2.79,4,3.18,7,2.96,5,2.98,3,3.13,3,3.22,3,3.61,4,2.49,4,4.19,4,2.73,5,3.23,3,4.56,3,4.85,7,2.16,3,3.03,4,4.66,4,1.1,5,1.18,3,4.65,6
Gourmet Delight Café,Restaurant/Food outlet,2024-05-27,102.84,2.124,4.3,5,3.75,3,2.73,4,4.83,3,3.29,3,4.36,3,4.87,7,4.58,4,4.7,3,2.48,6,4.85,4,3.9,4,4.54,3,3.47,4,2.28,4,2.22,4,4.56,4,1.52,5,3.71,5
Cozy Garden Café,Restaurant/Food outlet,2024-05-13,103.274,1.655,3.44,3,2.47,3,4.54,6,2.8,7,1.63,7,3.96,6,3.9,4,3.08,7,3.08,7,2.46,5,3.65,7,3.85,6,4.09,5,2.44,5,3.32,5,4.01,4,1.94,5,2.6,5,3.98,4
Flavorful Eats & Treats,Restaurant/Food outlet,2024-07-24,104.226,0.292,3.24,4,4.1,3,2.29,6,3.05,6,0.93,5,3.85,4,3.89,5,2.73,7,2.5,5,4.49,6,2.08,5,3.33,3,2.66,6,2.83,4,2.31,3,3.15,4,1.13,4,4.55,3,4.16,6
Culinary Escape Café,Restaurant/Food outlet,2024-06-25,103.603,1.529,4.25,4,2.29,6,3.21,7,3.97,5,3.7,3,4.08,5,4.24,7,3.96,3,4.17,5,2.51,6,2.41,5,2.85,7,2.24,6,4.88,7,4.01,4,4.77,4,4.2,7,3.53,3,1.48,3
Savory Eats & Treats,Restaurant/Food outlet,2024-06-05,103.768,0.907,4.07,6,3.06,4,4.42,6,4.99,5,1.39,6,4.8,4,4.35,5,3.55,3,4.51,7,4.63,3,3.72,6,5,6,4.17,7,3.79,7,4.16,6,2.41,5,3.26,3,2.62,5,1.29,7
Epicurean Retreat Café,Restaurant/Food outlet,2024-06-05,103.83,1.431,3.12,6,4.97,6,4.37,5,5,6,1.32,3,3.7,6,2.01,3,3.99,3,2.29,5,3.13,4,2.28,6,4.8,3,4.05,5,4.11,3,4.83,4,4.78,7,4.47,4,1.48,6,1.8,6
Flavorful Retreat & More,Restaurant/Food outlet,2024-06-24,104.097,0.807,4.17,7,2.22,4,2.31,6,4.65,4,2.49,5,3.3,4,2.24,3,3.39,6,2.2,3,4.32,7,2.46,7,3.58,7,3.22,5,4.47,3,3.27,3,3.2,3,3.41,6,3.68,7,4.48,5
Rustic Eats & Treats,Restaurant/Food outlet,2024-05-26,104.558,0.365,3.12,5,4.72,4,3.81,6,4.91,6,0.92,7,2.45,5,3.85,7,3.7,6,4.76,4,4.49,5,4.2,6,4.52,4,2.09,4,3.44,7,4.79,7,3.83,6,3.74,5,4.58,4,4.78,5
Urban Retreat Café,Restaurant/Food outlet,2024-07-07,104.056,1.92,4.06,5,3.68,7,2.84,6,2.77,4,3.22,7,2.63,7,3.35,6,2.22,3,2.51,5,4.48,6,3.8,3,2.96,3,2.92,6,3.04,4,4.57,4,2.67,7,3.57,3,4.37,3,2.42,5
Gourmet Comfort Café,Restaurant/Food outlet,2024-07-25,102.905,1.456,3.83,7,2.27,4,3.44,4,3.71,6,2.31,5,2.49,4,2.05,7,2.18,6,2.1,5,4.87,6,4.17,4,3.38,6,2.41,7,4.28,4,2.93,6,3.23,4,1.37,6,4.14,3,3.29,5
Cozy Retreat Café,Restaurant/Food outlet,2024-05-02,103.152,1.06,4.41,4,2.27,7,4.04,5,2.91,6,1.47,4,4.27,7,3,7,4.9,7,2.73,4,3.35,3,2.87,5,5,5,3.67,4,2.44,5,3.93,6,3.78,4,0.84,3,1.26,6,1.29,4
Flavorful Comfort Café,Restaurant/Food outlet,2024-06-17,103.709,1.885,3.81,7,3.31,3,4.26,3,2.49,6,2.34,3,2.82,7,3.88,5,2.5,3,3.03,4,2.97,7,2.9,5,2.49,6,4.98,4,2.91,6,2.94,3,4.25,5,3.86,6,4.27,4,1.52,4
Culinary Experience Café,Restaurant/Food outlet,2024-07-23,103.189,1.619,4.74,4,2.89,4,3.77,7,4.08,5,3.26,7,3.72,3,2.51,7,4.51,4,4.21,5,4.77,3,4.93,3,3.11,7,2.71,4,3.11,5,3.38,5,4.03,4,2.44,6,2.34,6,4.83,7
Savory Experience & More,Restaurant/Food outlet,2024-07-16,104.78,2.138,4.48,4,3.7,4,3.64,4,4.02,5,1.52,3,3.63,4,4.91,4,4.85,5,3.96,7,2.85,6,4.4,3,4.7,6,4.23,6,3.32,7,2.68,4,4.85,3,2.56,3,1.85,5,3.64,6
Epicurean Escape Café,Restaurant/Food outlet,2024-05-25,104.815,1.347,2.91,3,3.7,5,4.4,7,4.2,4,1.16,7,4.84,7,2.35,6,3.31,5,4.42,7,2.97,4,2.85,4,2.53,4,4.43,4,2.2,6,4.94,6,4.37,7,2.29,7,4.91,7,3.91,3
Flavorful Escape & More,Restaurant/Food outlet,2024-05-21,103.629,0.911,4.81,6,3.81,5,3.73,3,4,7,1.16,4,3.79,6,3.62,6,2.76,6,2.77,4,4.06,3,2.16,5,4.03,4,3.6,6,4.51,3,4.06,6,2.57,3,2.3,7,1.54,7,4.79,7
Rustic Retreat & More,Restaurant/Food outlet,2024-05-08,104.329,0.9,2.91,3,4.31,4,2.39,4,2.08,7,0.81,7,3.46,6,4.61,4,4.48,6,4.81,5,4.38,5,3.85,6,3.42,4,3.5,7,4.13,6,3.87,6,3.86,3,3.78,5,1.03,3,3.75,7
Urban Comfort Café,Restaurant/Food outlet,2024-05-03,103.619,0.624,4.21,3,2.95,4,4.97,4,2.97,7,3.76,5,4,5,3.6,3,4.78,3,4.94,4,3.53,6,4.83,4,3.84,5,4.11,5,3.18,3,2.09,6,2.74,6,4.51,7,1.89,3,1.16,7
Gourmet Haven Café,Restaurant/Food outlet,2024-06-18,104.792,1.296,3.24,3,3.55,4,3.78,3,2.17,7,2.35,6,3.48,6,3.73,5,3.66,5,3.86,6,2.92,6,2.44,7,4.03,7,2.81,5,4.41,6,4.15,6,3.33,5,3.62,7,3.36,5,2.17,5
Cozy Comfort Café,Restaurant/Food outlet,2024-06-31,104.605,1.489,3.72,7,2.42,6,4.56,5,4.71,6,1.95,6,3.69,7,4.25,3,3.84,4,4.75,4,2.74,7,3.67,7,4.25,5,4.91,6,4.17,6,4.1,5,3.78,4,4.6,4,1.78,7,4.57,3
Flavorful Haven Café,Restaurant/Food outlet,2024-05-02,103.212,1.391,2.43,7,2.18,3,2.42,7,3.88,3,4.01,5,4.91,5,3.53,5,2.9,4,2.93,5,2.43,5,3.91,5,2.01,7,3.32,4,2.16,6,2.22,3,2.49,3,3.8,7,3.07,6,1.88,4
Culinary Delight & More,Restaurant/Food outlet,2024-07-16,103.405,1.563,3.82,6,3.55,3,3.89,4,3.4,6,4.41,7,2.14,4,2.07,5,4.05,5,3.53,4,3.56,7,4.52,3,3.67,7,4.22,4,2.07,6,3.14,3,2.53,4,1.31,6,1.22,3,4.54,7
Savory Haven Café,Restaurant/Food outlet,2024-05-30,104.218,1.902,4.65,4,3.02,6,4.76,5,3.09,5,3.43,6,3.34,5,2.04,6,2.95,6,3.65,7,2.67,6,4.44,4,2.53,5,2.33,7,4.19,6,2.07,6,3.65,5,2.27,4,3.53,3,1.84,4
Epicurean Haven Café,Restaurant/Food outlet,2024-05-18,104.051,0.968,3.3,7,2.85,6,2.32,7,3.67,5,1.43,3,4.84,4,2.5,6,4.79,7,3.98,3,3.43,5,2.69,5,4.33,7,4.43,4,4.81,6,3.51,4,2.71,3,1.39,4,0.98,7,4.62,6
Flavorful Haven & More,Restaurant/Food outlet,2024-06-02,104.299,1.801,2.43,3,4.6,5,3.33,5,4.23,3,2.56,3,2.8,7,2.25,5,4.02,4,2.06,3,3.82,7,3.47,7,4.28,3,2.95,7,2.03,5,4.47,6,3.54,7,2,7,1.87,4,3.58,7
Rustic Haven Café,Restaurant/Food outlet,2024-05-24,104.083,1.078,3.58,7,3.21,7,3.65,4,2.77,4,1.21,7,4.83,6,4.27,6,2.86,4,4.96,5,3.7,5,3.76,5,4.96,6,3.76,6,2.29,4,3,7,3.67,5,3.62,3,1.43,3,3.12,6
Urban Delight Café,Restaurant/Food outlet,2024-05-26,104.588,0.719,2.55,5,3.17,7,4.15,4,2.57,5,3.42,6,2.92,7,2.91,3,3.3,3,4.45,6,4.57,5,2.91,6,3.44,4,2.21,6,3.9,3,3.09,3,4.87,4,0.9,4,4.25,4,2.33,7
Gourmet Delight & More,Restaurant/Food outlet,2024-05-26,104.095,1.712,4.27,6,4.77,3,3.63,5,2.46,3,2.62,6,4.56,6,4.16,4,3.14,4,2.95,7,2.91,6,2.75,6,4.27,3,3.42,4,4.89,4,2.56,6,4.24,7,1.72,3,4.65,5,3.47,4
Cozy Haven Café,Restaurant/Food outlet,2024-07-08,104.078,2.247,3.99,7,2.56,4,2.03,3,2.68,4,4.68,5,4.66,3,2.72,4,2.27,7,3.97,6,4.98,6,4.18,6,3.44,5,3.64,3,2.28,7,4.4,4,2.8,4,1.25,3,1.12,5,3.8,5
Flavorful Delight & More,Restaurant/Food outlet,2024-06-06,104.115,0.628,3.15,6,3.44,3,3.95,7,3.05,5,3.33,3,4.41,5,2.03,5,4.14,7,4.1,5,4.36,7,3.17,6,4.89,3,2.01,7,4.19,7,2.01,7,4.99,6,0.95,6,4.83,4,1.21,3
Culinary Haven Café,Restaurant/Food outlet,2024-05-11,104.495,1.795,4.48,5,2.61,7,2.56,6,3.37,5,4.71,5,3.67,6,4.82,4,4.68,5,3.34,4,3.21,4,4.89,3,3.1,5,4.38,3,2.33,3,4.1,4,3.88,4,1.42,4,1.07,5,1.07,3
Savory Delight Café,Restaurant/Food outlet,2024-06-24,104.789,0.344,3.33,5,4.16,5,4.14,3,2.46,4,3.97,5,3.68,5,3.22,6,4.58,5,4.76,5,4.04,7,4.57,6,4.84,4,4.64,3,4,7,2.07,3,3.96,3,3.28,4,1.5,4,4.79,3
Epicurean Delight & More,Restaurant/Food outlet,2024-05-11,104.224,2.071,2.25,6,3.11,6,4.62,4,4.11,4,3.77,4,3.2,6,3.28,4,3.57,4,2.64,7,4.45,5,2.85,5,2.55,4,4.29,5,3.39,7,3.35,6,4.79,4,1.51,7,3.63,5,2.43,4
Flavorful Delight & More,Restaurant/Food outlet,2024-05-03,103.142,0.686,3.02,3,4.47,6,2.38,5,2.04,4,1.48,5,3.04,6,2.45,3,4.19,6,3.01,7,2.68,7,2.67,6,3.88,6,3.59,3,2.73,4,3.27,4,2.96,7,4.04,3,1.97,6,3.72,3
Rustic Delight Café,Restaurant/Food outlet,2024-05-09,103.188,0.562,3.77,6,2.43,4,3.4,6,2.89,6,1.67,5,2.85,6,3.07,4,2.47,5,2.71,5,4.69,3,4.48,7,3.6,3,3.53,7,2.9,3,3.24,7,2.49,5,4.28,3,2.81,5,1.49,4
Urban Haven & More,Restaurant/Food outlet,2024-05-24,104.499,0.587,3.2,3,3.61,4,3.94,7,2.04,3,4.88,5,3.83,6,3.02,3,4.14,7,4.2,4,4.65,6,4.07,7,4.42,3,4.5,4,2.84,5,3.05,7,2.7,5,2.88,7,1.5,3,3.26,4
Gourmet Haven & More,Restaurant/Food outlet,2024-05-12,103.138,1.7,2.32,3,3.77,6,2.48,4,3.94,5,4.97,5,2.48,5,4.32,7,3.16,3,4.36,3,2.29,6,2.67,4,4.42,4,2.58,7,2.78,4,3.91,3,3.01,5,4.88,6,3.41,6,1.99,5
Cozy Delight Café,Restaurant/Food outlet,2024-06-26,104.113,0.343,3.98,3,3.52,7,3.5,5,3,4,2.43,4,4.69,4,3.18,3,3.03,5,3.63,3,4.22,5,2.18,5,4.65,4,3.01,4,4.89,7,4.22,3,4.29,3,1.04,5,4.41,7,3.23,5
Flavorful Haven & More,Restaurant/Food outlet,2024-06-22,103.959,1.027,3.5,3,3.18,7,4.86,5,4.53,6,2.34,6,2.75,7,3.32,6,3.43,7,3.69,5,4.32,5,3.75,4,4.82,7,2.31,7,2.5,4,4.81,5,3.69,4,2.03,7,1.11,4,1.69,6
Culinary Delight Café,Restaurant/Food outlet,2024-07-31,103.722,0.829,2.96,6,3.97,3,2.02,4,2.88,7,3.15,7,2.97,5,2.14,6,4.12,6,3.03,5,2.89,4,3.34,6,3.12,4,4.2,3,4.45,4,3.62,5,4.86,3,2.02,3,2.51,7,2.82,4
Savory Haven & More,Restaurant/Food outlet,2024-06-11,104.6,1.082,2.46,6,3.24,7,2.02,7,4.96,3,0.97,3,2.32,7,2.92,5,4.42,6,2.78,6,4.67,3,2.63,7,2.4,6,3.92,4,3.4,7,3.52,7,2.37,6,4.96,4,2.69,6,1.78,4
Epicurean Haven & More,Restaurant/Food outlet,2024-06-28,104.199,0.707,4.32,3,3.46,6,2.08,5,3.91,6,4.26,7,3.06,3,3.62,5,4.76,5,3.68,5,2.74,3,2.94,3,4.29,6,2.28,4,3.04,3,3.8,6,3.02,5,4,4,0.86,4,1.12,6
Flavorful Delight Café,Restaurant/Food outlet,2024-06-28,103.875,0.866,4.62,7,2.81,6,2.31,5,3.55,3,1.53,4,2.43,5,3.4,6,2.68,6,2.04,6,4.28,4,2.5,7,2.46,5,4.57,4,3.29,3,4.21,4,2.9,5,4.87,4,2.53,7,3.34,7
Rustic Haven & More,Restaurant/Food outlet,2024-07-12,104.099,2.225,3.16,4,2.21,3,2.44,7,3.04,7,3.51,6,3.41,7,2.37,3,4.35,5,3.77,4,3.32,6,2.01,3,4.59,5,3.11,3,3.28,3,2.55,5,3.17,5,1.45,4,3.87,4,2.4,4
Urban Delight & More,Restaurant/Food outlet,2024-07-24,103.741,0.33,2.62,3,2.93,3,3.24,4,3.89,7,0.87,5,4.08,6,2.45,4,4.83,4,3.51,7,4.36,5,4.16,4,3.84,7,4.98,7,3.9,7,3.52,4,3.24,6,4.81,5,4.57,5,4.8,5
Gourmet Delight Café,Restaurant/Food outlet,2024-06-08,103.903,1.954,2.19,4,3.23,3,4.34,5,2.49,6,4.36,7,4.35,6,4.38,5,4.1,3,2.58,4,3.42,6,4.91,3,3.9,5,3.66,5,2.84,4,3.34,3,3.49,5,3.32,6,2.5,5,2.62,7
FreshMart,Supermarket,2024-06-28,103.715,1.404,2.05,5,2.58,5,3.28,3,4.66,4,4.49,5,4.16,6,4.73,6,2.57,6,4.95,3,3.76,5,3.62,6,3.24,6,3.16,7,2.04,5,4.62,3,4.76,4,3.62,5,3.81,3,0.88,5
Green Valley Grocers,Supermarket,2024-05-23,103.166,2.064,3.5,5,4.28,6,4.97,4,3.72,5,1.12,5,4.07,4,2.06,4,4.3,5,2.02,4,4.5,3,4.92,6,3.25,7,2.14,4,3.32,3,3.82,5,3.75,7,3.2,7,2.12,5,2.2,7
Happy Harvest Market,Supermarket,2024-05-21,103.418,1.03,4.94,3,2.96,7,4.63,3,2.68,5,3.3,6,4.63,3,3.84,6,4.89,5,4.69,6,2.07,4,4.32,5,3.91,5,2.46,6,2.09,7,4.24,3,4.89,7,4.61,5,1.66,6,1.33,7
Urban Fresh Foods,Supermarket,2024-06-04,103.24,2.017,4.69,3,4.62,5,4.33,7,3.86,3,2.17,6,2.69,3,4.92,5,2.58,3,2.99,4,3.45,7,2.57,5,2.01,7,3.44,4,4.24,4,3.36,6,2.09,7,3.71,4,2.45,4,1.35,3
Nature's Basket,Supermarket,2024-06-09,103.316,0.445,4.68,7,2.32,4,2.87,3,3.61,4,1.49,6,4.58,4,3.22,6,2.01,7,2.27,7,3.27,5,3.61,6,2.89,3,4.94,5,3.75,4,4.39,4,4.41,6,4.14,5,2.93,6,2.63,4
The Organic Oasis,Supermarket,2024-05-01,104.574,1.373,3.21,7,3.31,4,4.4,5,2.22,5,3.23,7,2.92,3,2.81,5,2.9,6,2.31,4,4.43,6,3.02,5,2.36,7,4.52,5,2.31,5,2.3,7,4.43,3,2.77,7,4.92,6,1.62,4
Everyday Essentials,Supermarket,2024-06-05,103.323,1.89,2.5,4,3.17,7,2.94,4,2.16,7,1.01,6,2.84,4,3.45,5,2.75,5,3.21,4,4.57,7,3.42,4,4.04,4,3.37,6,4.83,4,3.78,5,2.72,6,1.56,7,2.42,3,3.69,7
Golden Grain Grocers,Supermarket,2024-05-08,103.569,1.677,2.97,5,2.63,5,2.55,6,3.83,3,4.51,6,4.21,5,4.54,4,4.62,7,2.39,4,3.1,3,4.63,3,3.8,7,3.07,3,2.85,3,2.9,6,2.75,3,1.76,5,4.07,7,2.75,7
Purely Provisions,Supermarket,2024-05-12,104.588,1.348,4.45,7,4.93,5,2.42,5,3.78,4,1.25,7,4.26,4,3.35,6,3.48,7,4.56,7,3.68,5,2.83,3,2.67,3,3.52,5,4.5,7,4.5,3,3.55,3,4.86,3,4.81,4,4.75,7
Farmers’ Choice Market,Supermarket,2024-05-30,103.661,0.324,4.28,6,3.98,7,4.05,3,4.77,6,2.37,5,2.64,5,3.01,7,4.03,3,4.47,3,4.22,7,3,3,5,3,3.19,3,2.98,5,3.27,3,4.86,5,3.14,3,0.86,7,4.07,5
Healthy Harvest Foods,Supermarket,2024-05-05,104.68,1.082,3.96,4,4.01,4,4.48,5,2.35,3,3.49,7,4.91,4,2.27,7,3.86,7,3.7,6,3.91,3,3.75,5,3.07,7,2.33,6,4.45,6,4.87,7,2.94,6,2.08,4,3.84,6,2.53,3
Sunbeam Supermarket,Supermarket,2024-06-11,104.657,1.171,4.36,6,4.48,5,3.34,4,2.11,7,2.04,7,3.58,5,2.45,6,4.2,3,3.09,3,2.91,5,4.15,3,2.55,4,4.2,7,4.18,3,3.98,7,2.1,7,3.94,5,3.43,5,1.36,4
Earthly Eats,Supermarket,2024-07-03,103.054,1.846,3.23,3,4.86,5,4.74,5,2.78,4,2.24,7,2.38,3,2.99,5,3.34,5,4.88,6,2.53,6,3.92,6,4.04,7,2.63,7,4.83,6,4.9,3,4.5,5,3.94,6,4.82,4,4.4,3
Market Square,Supermarket,2024-07-03,104.824,1.936,2.49,6,2.17,5,4.8,6,2.01,3,4.51,4,4.28,4,4.78,5,3.39,6,4.52,3,4.49,7,4.95,6,3.8,4,3.72,6,4.89,6,4.5,3,4.33,3,1.66,5,4.53,4,4.63,4
Nature’s Nook,Supermarket,2024-06-19,104.706,1.363,4.21,4,4.11,5,2.52,3,4.38,7,1.71,5,4.62,3,2.89,5,3.57,4,2.6,3,4.88,5,4.1,7,2.63,3,2.21,4,3.17,7,3.53,4,2.05,3,4.74,4,2.76,6,4.4,4
FreshFields Superstore,Supermarket,2024-06-25,104.68,1.158,4.27,7,2.81,5,3.91,6,3.87,3,3.66,3,2.96,7,4.63,4,4.89,7,3.78,6,3.13,4,4.11,3,4.96,6,4.33,4,2.78,4,3.03,7,2.44,7,1.09,5,3.67,6,3.6,4
Prime Pantry,Supermarket,2024-06-11,103.581,1.151,3.36,4,4.9,5,3.49,5,4.51,6,4.19,7,2.04,3,2.55,7,4.92,5,2.31,6,2.21,7,2.91,3,2.82,6,2.77,7,3.32,5,3.03,4,3.94,4,2.11,6,3.78,5,0.96,5
Riverfront Grocers,Supermarket,2024-07-14,103.128,0.551,3.26,6,2.45,6,2.46,3,2.11,4,1.9,4,3.25,5,4.59,3,4.37,7,4.26,6,2.12,6,3.35,6,4.44,5,2.61,5,3.15,3,4.96,6,4.54,7,2.51,7,3.34,6,3.61,6
Harmony Market,Supermarket,2024-05-23,102.946,0.341,4.97,5,4.76,4,3.73,6,3.63,4,4.35,5,2.29,3,3.25,6,2.84,7,2.02,7,3.13,4,3.51,5,2.08,4,2.98,5,4.08,4,3.14,5,4.12,7,4.98,7,0.82,7,3.66,7
Whole Wonders Foods,Supermarket,2024-05-19,104.49,0.86,2.51,4,3.95,4,3.5,7,3.86,5,2.87,4,3.94,4,3.31,3,3.82,4,2.4,6,4.41,3,2.67,6,2.24,4,3.38,5,4.47,4,2.32,6,4.33,4,3.94,3,1.55,5,3.14,3
Vitality Market,Supermarket,2024-05-22,103.843,0.586,2.9,4,4.73,5,3.29,7,4.65,4,0.92,4,2.73,6,2.76,3,4.8,3,2.88,3,4.14,7,4.85,4,3.84,7,2.87,5,2.24,3,3.18,5,4.79,6,2.24,7,3.77,4,0.95,6
Fresh Horizons,Supermarket,2024-06-06,103.936,1.625,2.71,7,4.73,6,4,4,2.63,3,2.36,3,3.14,5,3.69,3,2.02,5,2.65,4,4.38,4,4.66,5,2.14,4,4.32,6,3.38,4,3.17,5,2.34,3,3.89,7,3.43,4,3.82,5
Bountiful Basket,Supermarket,2024-05-21,104.809,1.214,2.07,3,3.1,4,2.58,6,3.52,7,1.21,6,3.92,4,3.11,7,2.65,3,4.71,4,2.2,3,3.39,6,2.93,6,2.14,5,3.29,7,2.69,6,4.6,3,3.53,6,3.55,5,1.26,7
FreshFare Supermarket,Supermarket,2024-05-30,103.459,1.512,4.57,4,2.63,7,4.78,4,2.63,5,4.59,4,3,5,4.36,3,4.85,4,2.43,5,2.49,4,4.59,6,4.64,6,4.76,5,2.31,4,2.83,3,2.46,4,1.02,3,4.76,5,2.72,4
Neighborhood Grocers,Supermarket,2024-07-23,104.134,1.414,3.65,3,3.37,3,4.49,5,4.29,6,0.89,6,2.6,6,4.3,3,3.95,7,4.56,6,2.92,4,2.5,6,4.89,3,3.01,4,4.21,5,4.5,6,3.07,6,4.66,6,4.02,5,3.24,6
EcoFresh Mart,Supermarket,2024-05-17,104.138,0.567,3.2,7,3.31,7,4.13,4,2.01,5,3.62,6,4.64,6,2.3,5,4.7,6,4.02,6,4.87,6,4.66,5,3.8,4,4.12,3,4.6,6,2.85,7,4.53,7,4.91,5,1.95,5,4.83,3
Simply Fresh Market,Supermarket,2024-05-03,104.118,0.74,4.2,4,3.68,5,4,4,4.03,4,3.76,5,2.41,4,2.1,3,3.84,3,3.42,7,2.9,4,3.17,4,2.16,7,4.42,3,4.3,6,4.21,7,4.22,3,3.46,7,1.35,5,1.01,3
Gourmet Grocers,Supermarket,2024-05-27,104.684,1.906,4.17,4,4.7,4,2.25,3,3.28,3,3.98,7,2.98,3,2.32,6,4.54,5,3.6,4,4.59,3,4.84,6,4.68,7,2.24,4,4.96,6,3.97,6,3.61,7,2.54,6,3.13,7,1.6,5
Local Harvest Market,Supermarket,2024-06-27,104.775,1.077,3.46,4,4.96,6,2.23,5,3.27,6,4.61,6,4.67,6,3.31,5,4.72,4,4.26,5,4.51,3,3.11,4,3.75,5,2.65,6,4.11,5,5,7,4.72,5,4.27,7,3.98,7,3.51,4
Evergreen Supermarket,Supermarket,2024-05-25,104.564,2.24,4.26,5,3.88,6,2.75,4,3.4,6,1.25,3,4.06,7,3.53,6,4.82,4,2.39,3,2.8,6,3.3,6,4.83,6,3.55,4,3.53,7,4.87,4,2.09,5,3.69,7,1.77,4,4.79,5
Pure Produce Market,Supermarket,2024-07-21,103.466,0.701,2.23,4,2.08,5,3.89,7,2.32,4,1.3,4,4.05,4,4.84,5,4.54,6,3.3,7,4.55,3,4.98,5,4.63,5,4.39,3,4.05,5,2.48,3,2.95,4,1.18,5,1.62,4,3.08,6
FreshChoice Foods,Supermarket,2024-05-31,103.749,2.196,4.14,5,4.47,5,3.23,3,3.94,3,2.57,7,4.72,4,2.44,3,4.09,5,2.96,4,4.3,5,2.99,6,3.91,4,4.63,4,3.17,7,4.47,5,4.72,7,2.89,3,3.31,4,2.5,6
Nature’s Way Grocers,Supermarket,2024-05-15,103.695,2.134,4.52,4,3.09,5,2.26,7,2.94,6,3.92,5,4.91,6,4.02,7,2.62,6,3.26,4,2.27,6,4.62,3,2.33,3,2.25,6,3.66,5,4.78,4,3.7,3,2.97,6,1.78,3,1.12,6
Market Garden,Supermarket,2024-07-29,104.318,0.323,3.65,5,3.25,4,4.47,3,2.5,7,4.66,4,2.68,7,4.94,7,2.18,6,2.63,5,3.34,4,4.31,6,2.16,5,4.88,4,3.22,7,3.84,5,4.66,6,1.76,3,3.62,4,1.94,6
Green Acres Market,Supermarket,2024-07-11,102.882,1.506,3.47,4,4.56,3,3.96,6,2.1,3,4.98,4,4.46,7,2.06,6,3.97,3,4.8,3,3.06,6,2.59,5,2.57,3,3.54,5,4.09,7,4.6,6,4.67,7,3.36,5,3.88,5,2.15,4
Fresh & Fine Foods,Supermarket,2024-07-12,103.685,2.207,2.16,6,3.31,3,2.03,6,2.41,4,3.95,6,4.67,7,3.19,7,3.63,5,2.5,4,3.68,6,2.53,6,3.49,5,2.37,6,4.62,7,3.78,7,3.79,3,4.09,6,2.87,5,2.36,5
Wellness Grocers,Supermarket,2024-07-04,104.31,1.312,4.92,6,4.49,3,4.89,4,2.33,5,1.24,5,4.67,3,2.31,5,4.85,7,2.08,7,3.18,4,4.12,3,4.97,3,4.1,3,3.5,6,4.61,5,3.58,3,3.47,7,1.69,4,3.88,6
Farmstead Market,Supermarket,2024-05-06,104.273,1.727,4.41,5,4.24,7,3.84,6,2.64,3,2.02,4,2.24,7,3.06,3,2.3,7,2.45,5,4.93,7,2.6,6,3.53,4,2.96,4,4.71,3,4.9,5,2.68,4,1.39,7,4.8,3,3.62,3
Fresh World Superstore,Supermarket,2024-06-05,102.899,0.763,3.82,3,2.8,5,3.99,7,4.46,7,1.71,5,3.36,4,4.85,7,4.61,7,3.43,7,2.08,7,4.61,3,2.58,3,2.02,7,3.46,3,4.58,3,2.43,4,2.62,4,2.03,6,2.92,3
Riverdale Grocers,Supermarket,2024-06-13,104.762,0.713,3.2,7,2.65,4,3.43,6,4.75,7,4.95,3,2.85,4,3.66,4,3.12,5,4.07,5,2.65,6,3.08,5,2.18,4,3.14,3,4.36,3,3,6,4.08,3,1.34,6,2.06,5,4.6,6
Simply Organic Market,Supermarket,2024-07-22,104.002,1.112,3.94,6,3.85,3,4.77,3,2.09,5,1.26,6,4.73,5,3.75,6,4.79,5,4.35,7,2.62,6,2.38,3,2.79,3,4.17,6,3.03,4,4.76,4,3.1,7,2.89,4,3.27,3,3.36,7
Garden Fresh Supermarket,Supermarket,2024-07-22,103.629,0.919,2.91,3,4.62,6,3.42,4,2.68,7,2.04,7,4.05,5,4.88,3,4.28,6,3.62,6,2.59,5,3.45,4,3.1,5,2.46,6,3.93,3,3.7,3,2.95,6,1.91,7,3.18,3,1.85,5
All-Natural Grocers,Supermarket,2024-06-20,103.709,1.331,4.66,5,4.67,3,3.69,7,4.63,6,4.31,5,2.4,3,2.97,3,3,6,3.53,5,3.44,3,2.54,4,2.14,4,3.15,3,3.9,6,3.19,3,4.71,3,2.81,6,4.34,5,4.95,4
Market Fresh Foods,Supermarket,2024-06-30,104.24,0.954,3.93,4,4.26,5,2.04,4,2.09,6,1.89,6,3.63,3,3.37,6,4.1,4,2.35,6,3.88,7,4.08,5,4.43,4,3,4,3.62,7,2.59,7,2.11,3,3.61,5,3.66,5,4.46,4
Earth’s Bounty Market,Supermarket,2024-05-15,103.876,1.582,2.51,4,4.05,6,2.2,5,2.77,5,4.23,7,2.54,3,3.39,3,4.3,6,4,6,2.56,3,4.03,4,3.93,7,3.55,5,2.34,6,2.21,6,2.65,3,3.22,3,2.23,6,1.16,6
FarmFresh Supermarket,Supermarket,2024-06-21,104.149,1.001,3,6,3.27,3,3.72,7,2.06,4,2.01,4,3.48,3,2.27,3,3.62,5,4.21,6,3.96,4,2.3,3,3.36,7,3.64,4,2.39,4,3.6,3,2.87,6,4.05,4,1.61,4,0.86,6
Pure & Simple Market,Supermarket,2024-07-04,103.52,1.801,2.27,4,4.76,3,2.19,7,2.56,4,3.43,3,3.73,3,4.18,4,2.55,3,4.18,4,3.49,4,2.39,6,3.3,3,3.97,3,2.3,7,3.5,5,2.53,5,4.14,4,3.27,7,1.91,7
Fresh Start Foods,Supermarket,2024-07-17,103.221,0.496,2.72,5,3.48,6,3.3,4,2.08,3,3.69,3,2.11,4,3.7,3,2.17,3,2.2,7,2.73,7,3.75,4,3.8,4,3.58,6,3.4,6,3.76,5,4.86,3,4.67,5,1.71,7,3.86,7
Nature’s Harvest Market,Supermarket,2024-07-10,104.097,0.73,2.77,3,3.52,5,2.84,4,2.08,5,2.58,4,4.32,6,3.17,5,4.79,7,2.03,6,4.1,7,4.34,4,2.37,6,4.74,4,4.29,4,4.21,6,4.04,7,1.04,6,1.27,7,1.9,3
Riverside Grocers,Supermarket,2024-07-11,103.375,1.003,4.51,7,4.09,3,3.05,5,2.17,4,4.14,4,3.37,6,3.66,6,2.89,5,2.22,5,2.96,5,3.38,5,3.27,6,2.16,7,3.97,4,4.25,6,3.8,6,2.84,6,1.9,7,4.92,5
Orchard Fresh Market,Supermarket,2024-07-26,104.442,1.947,2.22,5,3.99,3,3.58,5,4.51,7,0.84,7,2.11,6,2.4,6,3.77,4,3.5,7,2.57,6,4.67,4,3.43,7,4.07,7,4.57,5,2.58,5,4.71,3,1.72,5,2.75,3,2.8,4
VitalVeg Grocers,Supermarket,2024-07-24,104.002,0.733,2.13,6,2.76,6,4.09,6,3.76,6,0.97,4,2.66,7,4.84,3,4.16,3,4.82,3,3.66,6,3.96,6,2.7,5,3.67,7,2.11,6,2.73,6,4.42,7,2.35,3,1.14,7,1.99,4
Goodness Grocers,Supermarket,2024-06-12,103.795,1.364,2.85,4,4.54,6,3.31,6,2.16,3,4.69,7,2.48,3,3.86,4,3.41,6,4.49,4,4.12,4,2.25,7,4.15,7,4.45,5,3.34,4,4.12,6,3.47,6,4.27,6,2.59,6,4.96,5
Fresh Valley Market,Supermarket,2024-06-15,104.183,0.588,3.63,6,2.04,3,4.6,6,2.15,4,1.24,7,3.09,3,4.24,3,2.97,3,3.4,3,3.26,6,3.88,4,3.33,5,2.43,4,4.17,3,3.99,5,3.15,4,3.42,5,4.94,4,4.97,7
The Food Depot,Supermarket,2024-07-15,104.304,1.752,4.26,7,4.36,7,2.69,4,2.35,4,4.11,7,3.66,3,2.92,6,4.27,4,3.75,5,4.12,5,2.4,5,3.54,7,3.21,6,3.13,3,2.32,6,4.86,5,2.79,4,4.77,7,1.09,5
Fresh Finds Market,Supermarket,2024-07-24,104.381,0.323,3.65,7,2.24,4,4.85,6,2.75,4,1.52,4,2.73,3,2.72,3,4.63,3,2.88,3,3.2,6,3.98,4,3.41,7,2.05,7,4.07,5,3.88,6,3.33,4,1.31,5,1.91,3,4.42,3
Purely Organic Grocers,Supermarket,2024-07-19,103.087,0.504,3.83,6,3.89,3,3.34,3,4.96,7,2.82,4,4.46,6,3.87,6,3.39,3,4.71,7,3.75,6,2.12,5,2.36,5,2.5,4,4.31,3,2.04,7,3.5,6,0.88,3,1.87,6,3.73,5
Wellness Way Market,Supermarket,2024-07-22,103.082,0.639,4.45,4,2.3,5,3.59,5,4.97,7,2.4,5,2.18,4,3.34,7,4.23,6,2.34,4,3.32,4,4.29,6,4.25,4,3.26,7,3.68,4,4,4,3.94,3,3.07,7,0.84,4,4.21,5
Fresh Harvest Grocers,Supermarket,2024-05-14,103.51,1.52,4.66,4,2.11,6,2.75,7,3.84,7,3.53,7,2.72,4,2.43,7,4.48,5,3.78,7,3.77,6,3.83,7,4.46,3,4.99,3,2.47,5,4.13,6,4.15,5,0.99,7,2.2,7,4.98,5
Market Master,Supermarket,2024-06-28,104.343,1.808,2.39,7,3.21,5,3.84,3,2.45,4,4.9,7,4.21,6,3.21,3,2.2,3,2.17,6,4.12,3,3.26,3,2.37,4,2.85,5,4.57,6,4.82,7,2.83,7,1.47,4,2.03,3,1.91,5
Nature's Pantry,Supermarket,2024-07-25,104.372,1.971,2.01,3,3.7,3,3.68,6,2.04,5,3.55,4,4.88,5,4.48,4,4.77,5,2.98,5,4.29,6,4.11,4,2.27,7,3.47,4,2,4,3.36,3,2.77,3,1.68,6,1.82,7,1.99,4
The Fresh Store,Supermarket,2024-05-17,104.651,0.689,4.36,3,2.83,6,2.53,4,4.96,4,3.76,3,3.69,6,3.01,7,3.69,4,4.69,6,4.09,4,2.62,7,4.46,5,2.16,7,3.67,7,4.62,3,3.92,3,2.92,3,3.21,5,0.86,4
Healthy Habitat Market,Supermarket,2024-05-14,102.931,1.977,4.4,4,3.66,3,2.8,6,2.54,3,2.43,5,4.76,6,4.72,4,2.21,7,2.14,7,3.33,6,2.91,5,2.45,3,3.41,4,2.67,7,2.35,6,4.58,4,2.62,6,3.39,7,2.53,7
PureLife Grocers,Supermarket,2024-07-24,104.315,0.703,3.01,7,3.63,3,4.75,6,3.61,3,3.02,7,2.88,4,2.23,7,4.03,5,3.58,4,4.24,7,4.63,5,3.21,5,4.65,3,2.31,5,3.26,7,2.93,7,4.91,6,2.89,7,3.64,7
FreshRealm Supermarket,Supermarket,2024-06-14,104.113,1.249,3.25,3,4.7,4,4.59,7,4.4,3,1.28,6,3.92,5,2.14,6,3.76,6,4.88,6,3.07,7,3.32,3,3.06,5,3.49,5,3.91,5,4.41,6,3.53,4,3.56,7,3.71,4,2.72,5
GreenLeaf Grocers,Supermarket,2024-07-31,104.063,1.236,2.32,6,3.53,6,2.59,5,2.14,7,4.55,5,3.14,5,3.72,3,4.94,3,2.18,3,2.75,7,2.65,6,2.2,3,4.68,3,3.85,4,4.81,5,3.76,5,4.35,3,3.28,7,4.48,5
Vital Choice Market,Supermarket,2024-06-27,103.726,1.113,4.06,6,3.83,3,3.22,5,3.79,7,0.93,3,3.42,6,4.27,3,2.73,3,4.36,3,2.58,5,3.6,3,2.37,4,2.55,4,3.21,4,2.56,6,2.54,5,2.91,4,4.03,5,4.21,7
FreshWave Superstore,Supermarket,2024-06-04,104.252,1.693,2.19,4,3.01,6,2.2,3,2.36,7,3.13,3,2.08,7,3.89,4,2.79,6,2.2,6,3.68,6,4.8,4,3.79,7,4.92,6,4.34,6,3.99,3,2.4,6,3.44,6,2.57,5,4.8,5
Nature's Nest Market,Supermarket,2024-06-11,103.387,1.359,3.14,3,3.38,7,2,5,2.68,5,1.34,4,4.27,3,4.54,3,2.83,6,3.46,6,2.86,7,4.56,4,2.3,3,2.71,3,3.92,3,4.17,5,4.24,6,4.56,6,3.4,3,2.41,4
FarmFolk Supermarket,Supermarket,2024-07-12,104.425,1.331,2.28,7,3.83,6,3.39,7,4.33,6,3.37,5,2.32,3,3.86,7,4.85,5,4.69,3,3.31,5,4.17,4,2.56,4,3.05,4,4.91,4,3.45,4,3.51,4,3.44,7,2.38,6,3.69,3
Pure Harvest Foods,Supermarket,2024-05-30,104.545,1.363,4.18,5,4.01,5,4.66,4,2.34,7,4.64,7,2.22,7,2.2,7,4.75,6,2.26,7,4.45,6,3.57,5,2.6,3,3.04,4,2.74,6,3.14,3,2.13,7,1.07,6,0.92,4,1.39,3
Vital Eats Market,Supermarket,2024-06-25,104.126,1.401,3.26,3,3.68,4,2.09,3,2.17,6,4.39,5,3.28,6,2.52,4,3.21,7,3.03,5,3.48,4,4.63,7,2.19,4,4.31,4,3.64,7,3.53,3,2.72,4,4.95,4,3,5,3.96,6
FreshRoots Grocers,Supermarket,2024-05-30,104.822,1.785,4.11,6,3.58,7,2.76,5,2.7,4,2.54,7,2.86,7,2.24,3,2.8,3,3.62,4,3.29,6,4.94,6,2.22,7,4.8,4,4.32,6,4.39,5,2.25,6,3.82,7,4.37,6,2.41,4
GreenFields Market,Supermarket,2024-07-05,103.744,1.976,3.28,7,3.2,3,3.81,6,3.62,5,3.22,6,2.54,5,3.13,7,2.4,4,2.12,6,3.62,7,4.76,6,3.03,6,2.66,7,4.1,5,2.84,7,3.22,4,2.76,4,4.91,4,3.92,3
Pure Essence Grocers,Supermarket,2024-06-12,104.58,1.16,2.03,4,2.33,7,4.66,6,4.07,6,4.95,3,4.91,7,3.74,4,4.26,5,3.6,7,2.47,3,3.04,6,4.1,3,4.46,4,4.53,3,3.5,5,3.93,4,3.93,7,1.92,7,2.12,7
EcoChoice Market,Supermarket,2024-05-30,104.434,1.226,3.49,4,2.4,4,2.57,7,3.43,6,2.42,7,3.52,6,4.9,3,3.93,5,3.4,3,4.84,6,3.28,4,3.86,4,2.78,3,3.78,3,3.79,7,2.46,5,1.66,4,1.71,6,2.91,6
FreshPath Grocers,Supermarket,2024-05-12,103.607,1.556,2.43,5,2.06,4,2.89,5,2.13,3,2.01,3,3.62,5,2.88,5,2.64,5,4.92,3,4.76,6,3.08,6,3.51,7,2.36,6,4.52,3,2.78,3,4.42,7,2.16,4,4.6,3,2.37,5
Nature’s Essence Market,Supermarket,2024-07-25,103.38,0.912,2.05,6,3.21,5,3.38,3,4.58,6,0.85,7,4.12,4,3.83,5,3.4,3,2.64,7,3.35,3,3.81,7,2.13,7,4.72,3,3.63,7,3.06,4,2.05,6,1.85,3,3.76,3,2.02,3
Harvest Haven Market,Supermarket,2024-06-01,103.085,1.558,2.71,7,2.53,6,4.69,7,3.49,4,4.28,6,3.7,3,3.54,7,3.45,4,4.67,6,2.7,3,2.15,5,4.29,6,4.59,3,3.09,6,3,5,3.7,7,2.3,6,3.84,7,4.83,4
Pure Earth Grocers,Supermarket,2024-05-24,103.709,1.156,3.43,5,3.68,4,2.66,7,3.78,4,1.15,6,3.56,7,4.92,4,2.09,5,3.47,3,3.16,4,3.08,5,3.89,3,2.8,3,3.57,3,3.81,7,2.18,4,3.28,6,4.41,4,3.29,3
FreshLife Superstore,Supermarket,2024-05-25,104.712,2.202,3.73,4,2.24,7,2.87,7,3.71,6,4.96,6,3.09,4,3.39,6,4.66,7,4.73,4,4.55,3,3.26,3,3.23,7,2.29,6,2.59,6,3.55,6,3.88,3,2.88,3,2.06,7,2.14,3
GreenChoice Market,Supermarket,2024-05-14,103.46,0.951,3.24,6,4.5,6,3.86,5,3.5,5,1.34,7,2.63,7,4.38,6,3.04,3,4.98,7,3.46,3,2.48,3,4.86,4,3.66,5,3.45,4,2.66,3,4.79,5,3.77,6,2.84,7,3.87,7
Vital Harvest Grocers,Supermarket,2024-05-27,103.614,1.047,4.38,6,2.08,5,3.71,3,4.58,3,1.28,3,3.04,5,4.07,5,2.35,7,2.65,3,2.4,3,2.37,7,4.8,5,3.7,5,3.2,6,4.89,4,2.03,3,2.48,7,1.79,7,2.05,7
PureGarden Supermarket,Supermarket,2024-05-17,103.001,1.642,2.39,7,3.06,6,4.37,7,3.63,3,3.82,4,4.91,3,3.01,7,2.79,4,4.08,4,2.87,3,2.55,6,3.86,6,4.27,7,3.99,6,2.03,7,2.69,7,3.06,4,1.2,5,2.52,4
FreshPulse Market,Supermarket,2024-05-25,102.843,0.865,2.43,5,2.99,3,4.43,6,4.17,6,1.11,6,3.24,6,2.04,4,2.04,5,3.09,3,4.72,7,4.91,5,3.23,6,3.79,7,3.68,6,2.61,7,4.09,4,1.77,5,3.61,6,2.82,3
Nature’s Finest Foods,Supermarket,2024-06-25,104.198,1.737,3.96,4,3.13,6,2.81,7,3.11,3,3.43,6,3.42,3,4.16,7,2.29,3,3.77,4,4.27,6,2.55,5,4.99,3,3.2,5,4.05,7,4.37,3,3.53,3,4.95,7,2.26,6,4.91,3
FreshEssence Grocers,Supermarket,2024-06-06,103.34,0.653,2.49,3,3.08,5,4.87,5,2.26,4,4.59,5,3.46,7,4.69,4,4.99,4,2.99,3,4.98,5,4.15,5,4.34,5,3.16,3,2.65,6,4.55,4,3.58,5,2.52,6,2.94,5,4.16,7
Pure Nature Market,Supermarket,2024-06-03,103.914,1.306,4.78,5,3.9,7,3.89,7,2.39,5,2.07,4,3.87,7,3.77,5,2.7,5,3.77,7,3.34,4,2.11,4,3.9,6,2.71,3,4.27,6,3.13,5,2.73,6,4.51,3,4.37,7,4.17,3
GreenEra Supermarket,Supermarket,2024-06-01,103.332,1.408,3.99,4,4.6,4,2.3,5,4.05,3,1.86,5,3.04,4,4.04,6,4.28,4,3.63,4,2.52,6,4.44,5,2.14,5,3.66,5,2.22,5,2.61,5,3.98,5,2.61,5,1.02,3,2.21,6
FreshPicks Market,Supermarket,2024-05-26,103.478,0.706,2.76,3,3.86,5,2.73,3,2.93,5,4.56,6,4.72,5,3.22,4,3.32,5,3.86,5,2.85,4,2.77,3,3.36,7,3.3,4,3.46,3,4.27,6,4.57,5,1.43,5,1.13,7,2.09,3
Purely Green Grocers,Supermarket,2024-05-17,104.818,1.62,3.37,7,4.92,7,3.13,6,4.32,6,2.01,6,2.54,4,4.06,6,3.17,4,2.28,5,2.84,6,3.46,6,4.46,5,4.44,7,3.75,3,2.08,7,2.07,5,2.23,3,4.76,4,4.47,5
FreshGrove Supermarket,Supermarket,2024-06-29,103.891,1.978,4.83,3,2.38,3,2.61,6,4.55,4,2.62,7,2.15,3,3.67,7,2.1,3,3.23,4,2.79,6,3.11,4,3.25,7,4.9,5,4.42,7,3.12,6,2.39,7,4.04,4,2.7,5,3.41,3
Nature’s Way Market,Supermarket,2024-05-10,104.63,1.311,3.88,3,2.39,7,3.19,5,3.83,3,4.93,5,2.77,4,2.52,7,4.85,3,4.02,3,4.15,7,2.69,7,3.75,7,2.71,5,4.66,3,4.76,7,4.77,5,3.34,5,1.54,6,0.84,6
Vital Fresh Grocers,Supermarket,2024-05-14,104.372,1.253,4.11,3,3.1,3,4.13,5,2.8,3,2.82,7,3.23,5,4.37,4,3.31,4,4.59,7,3.8,5,3.94,3,3.26,6,4.17,6,4.19,4,3.84,7,2.54,6,3.8,6,1.08,6,4.43,5
GreenSphere Supermarket,Supermarket,2024-06-23,104.637,1.883,4.73,3,4.18,5,2.54,4,2.84,3,4.62,4,4.45,4,3.12,7,4.79,7,4.84,4,2.5,6,4.88,4,4.77,4,4.24,3,3.37,5,4.4,6,3.8,5,4.01,3,3.09,6,2.51,7
PureWell Market,Supermarket,2024-06-20,103.647,1.192,2.2,7,3.22,7,3.59,7,2.53,5,2.92,3,2.29,6,4.9,5,3.85,7,4.57,3,3.03,7,2.64,3,2.36,5,2.47,6,3.99,4,3.57,6,4.37,4,3.39,6,2.32,4,3.7,4
FreshHarvest Superstore,Supermarket,2024-06-05,104.118,0.975,2.63,5,3.57,4,3.49,6,3.83,7,2.08,5,3.39,6,4.39,5,3.76,4,4.32,6,2.82,4,4.93,3,3.59,7,3.05,3,2.66,3,4.53,4,4.56,5,3.18,7,4.98,3,1.27,4
Nature's Best Market,Supermarket,2024-07-26,103.644,2.155,3.8,6,3.9,3,4.42,5,2.22,6,2.49,3,4.05,7,4.17,3,2.77,7,4.57,4,2.2,6,3.72,6,5,3,3.1,7,4.99,7,3.26,7,4.4,4,4.87,4,1.11,4,4.35,6
GreenRoots Grocers,Supermarket,2024-06-22,104.752,0.365,3.99,5,3.49,4,3.21,3,4,5,4.11,6,2.15,7,4.13,3,2.11,6,4.43,3,2.78,6,3.74,4,2.93,4,2.02,7,4.76,7,4.08,3,2.12,3,3.44,7,3.75,6,2.22,3
PureBlend Market,Supermarket,2024-05-29,103.29,2.04,3.66,5,3.69,3,4.7,7,4.38,5,4.53,7,3.69,6,4.27,7,3.65,3,4.86,4,3.49,3,2.47,6,2.88,5,4.41,5,2.57,4,2.9,3,3.68,7,2.36,7,3.84,3,1.21,4
FreshFlow Supermarket,Supermarket,2024-05-02,104.634,2.012,2.49,6,3.61,4,2.45,5,3.04,5,0.94,5,3.24,6,3.92,3,2.51,3,4.14,4,2.08,6,3.52,7,4.53,4,2.85,7,3.73,7,2.45,6,4.64,5,1.3,3,3.56,5,1.37,7
Nature’s Prime Foods,Supermarket,2024-05-24,103.079,1.681,4.31,4,3.26,7,2.38,7,2.24,5,1.63,5,4.13,7,3.32,6,3.94,5,4.89,6,2.51,7,4.12,6,4.4,5,4.2,3,2.5,5,2.8,7,3.34,4,4.94,4,4.8,5,1.05,7
PureFresh Market,Supermarket,2024-07-08,104.532,0.297,4.13,3,2.2,7,4.88,6,4.56,5,4.75,7,2.79,4,4.86,7,2.48,3,2.97,7,3.32,6,2.32,3,4.82,4,2.87,6,3.95,5,4.37,5,4.4,6,2.82,3,4.48,3,4.45,3
FreshHaven Grocers,Supermarket,2024-06-19,103.769,1.557,3.25,5,3.87,6,5,4,3.08,4,2.89,4,2.32,4,4.33,7,4.81,3,4.74,7,3.55,7,3.3,3,4.26,4,4.94,6,3.42,3,4.45,6,3.03,4,4.98,6,4.01,3,2.27,4
GreenNest Supermarket,Supermarket,2024-06-10,104.822,0.323,2.46,3,2.5,5,4.32,5,2.13,3,3.5,7,2.27,7,3.35,6,3.83,6,2.73,6,4.18,5,2.3,7,2.59,4,4.72,6,2,3,4.54,7,4.51,5,4.46,7,3.06,3,3.33,5
VitalGro Superstore,Supermarket,2024-07-03,102.884,0.987,2.08,5,3.29,3,4.41,6,2.83,6,3.42,3,3.1,3,3.62,3,3.7,5,3.58,3,3.06,5,4.47,5,3.23,6,3.97,7,3.57,5,3.35,7,4.67,5,1.42,3,3.33,3,2.25,7
Purely Natural Market,Supermarket,2024-05-10,104.053,1.294,2.9,6,2.65,4,4.26,6,4.02,4,2.33,4,4.12,4,2.87,6,4.64,3,4.08,6,4.72,4,4.57,4,3.69,4,3.39,4,2.7,3,2.23,4,2.36,6,2.93,7,2.03,6,3.34,7
FreshSense Grocers,Supermarket,2024-05-03,104.624,0.526,2.74,5,4.58,5,3.08,4,3.6,5,4.1,7,4.27,6,4.6,3,4.62,7,2.23,4,4.87,6,2.89,6,3.48,3,2.18,7,4.08,6,2.93,5,2.06,6,3.19,7,1.07,6,1.51,4
Nature’s Own Market,Supermarket,2024-06-28,103.429,1.627,3.4,3,3.21,3,4.54,7,4.67,3,2.85,7,3.73,7,3.87,5,3.06,5,2.64,7,4.8,3,3.82,7,2.31,5,3.15,4,4.58,4,4.75,3,2.2,4,3.37,6,1.71,7,3.19,6
GreenWave Superstore,Supermarket,2024-07-05,103.74,1.263,3.48,4,4.74,4,2.17,5,2.86,6,3.16,5,3.83,7,3.75,3,2.48,7,3.8,6,4.66,6,4.98,4,3.5,5,3.73,7,3.96,6,3.91,4,2.18,4,3.27,7,1.66,4,2.53,7
PureEssentials Grocers,Supermarket,2024-07-19,103.555,1.353,3.42,7,4.6,4,4.84,5,2.82,5,3.38,4,4.5,5,2.13,4,2.43,4,4.54,4,2.64,4,4.41,6,4.24,4,3.45,4,2.85,6,4.5,7,2.42,6,2.87,7,3.69,4,1.35,6
FreshWay Market,Supermarket,2024-07-23,103.856,2.047,2.5,6,3.39,6,4.65,4,4.38,4,3.19,7,3.46,5,4.63,5,2.28,5,3.23,6,2.88,3,3.74,5,4.94,6,2.01,6,4.27,5,3.96,3,3.85,5,2.22,7,4,6,1.59,7
VitalChoice Grocers,Supermarket,2024-05-11,104.472,1.229,3.69,5,2.34,4,4.42,5,4.87,5,1.89,7,4.63,6,3,3,2.55,5,4.29,5,2.67,7,4.49,6,2.88,6,4.43,5,4.65,7,4.39,7,2.08,7,4.27,7,1.93,5,2.02,5
GreenTrail Supermarket,Supermarket,2024-05-30,103.488,1.279,2.74,7,4.21,3,3.42,7,4.32,4,4.34,3,2.99,7,2.68,4,4.51,5,3.53,5,3.45,3,2.87,5,2.66,3,2.07,4,4,5,3.37,3,4.91,6,2.92,3,3.73,5,2.36,5
FreshFusion Market,Supermarket,2024-07-07,103.561,1.351,3.64,3,3.37,6,3.87,4,3.56,6,4.98,3,2.58,5,2.46,6,2.33,4,3.89,3,3.09,5,3.75,4,3.55,5,3.09,7,4.61,7,3.77,3,2.3,6,4.93,3,4.88,7,2.58,3
PureRoots Grocers,Supermarket,2024-05-16,103.594,0.855,2.78,6,2.2,4,3.54,6,2.78,3,0.88,6,4.97,3,4.47,4,2.2,5,3.02,3,4.72,5,3.71,4,2.91,6,4.4,4,4.5,5,4.92,6,3.36,3,2.43,6,4.18,6,4.48,4
Nature’s Path Market,Supermarket,2024-06-14,103.666,1.72,2.3,4,4.27,6,4.45,6,2.25,3,4.65,6,2.18,4,2.16,7,2.3,7,3.76,7,4.58,4,3.42,3,3.54,6,3.61,7,4.65,4,3.03,6,3.02,4,1.08,7,1.04,7,1.64,5
FreshStep Superstore,Supermarket,2024-06-27,102.867,1.241,3.17,5,2.14,4,4.15,3,3.45,3,3.73,7,3.89,4,3.76,6,2.93,6,2.13,6,2.33,5,4.23,3,3.18,6,3.07,7,4.79,4,4.08,6,3.96,7,4.75,5,0.84,3,1,3
GreenGate Grocers,Supermarket,2024-06-30,103.955,1.46,4.13,3,4.31,3,2.83,7,3.77,6,1.14,7,2.96,3,2.91,7,3.71,4,3.74,4,3.25,6,4.96,4,2.24,6,4.7,3,4.98,7,4.69,7,3.84,5,3.05,7,3.9,5,3.32,7
VitalNature Market,Supermarket,2024-06-02,104.759,0.432,4.11,6,2.22,3,4.35,3,2.51,6,3.29,5,3.79,5,2.2,6,3.95,3,3.39,5,2.47,7,4.8,6,4.59,6,2.07,7,4.45,5,2.81,3,4.36,5,3.97,5,1.87,6,4.08,3
PureHarvest Grocers,Supermarket,2024-07-18,103.875,1.874,4.8,4,4.96,3,2.65,7,3.61,4,3.53,3,3.5,7,2.26,5,4.36,6,2.44,4,3.73,3,3.48,5,3.29,7,2.36,3,3.37,5,2.27,5,2.48,7,2.58,5,1.52,7,4.44,5
FreshHorizon Supermarket,Supermarket,2024-05-17,104.152,1.32,3.38,6,2.82,3,2.44,7,3.29,4,1.02,5,4.58,4,2.86,3,4.08,4,3.34,5,3.19,3,3.2,7,3.3,4,4.91,6,4.3,6,4.62,3,3.44,7,4.26,6,3.99,6,3.69,7
GreenMeadow Market,Supermarket,2024-05-15,103.641,1.054,3.63,7,3.03,5,4.05,6,4.03,3,3.29,3,3.68,6,4.85,5,4.28,5,4.33,3,4.04,6,3.16,7,3.07,4,4.42,4,2.67,4,3.75,7,4.34,4,1.96,3,3.54,4,1.71,6
PureLife Superstore,Supermarket,2024-05-16,103.608,2.196,4.67,7,4.69,5,2.53,5,3.57,7,4.75,6,2.14,3,3.48,5,2.82,4,3.84,6,2.56,7,4.44,3,4.01,6,4.01,4,4.76,5,4.02,3,3.14,5,4.53,3,4.21,3,4.63,4
Nature's Glow Market,Supermarket,2024-06-20,103.912,0.76,4.45,3,3.05,4,2.95,7,2.43,6,4,6,2.45,7,2.18,6,2.87,7,4.89,5,3.88,5,2.4,7,2.28,7,5,3,2.75,5,4.37,4,4.93,6,1.85,3,3.24,5,4.54,3
FreshPeak Grocers,Supermarket,2024-05-28,103.975,0.852,3.86,6,2.89,4,3.65,3,3.56,3,4,6,4.52,6,2.44,4,2.52,7,4.48,7,2.39,6,4.75,7,3.34,7,4.12,5,2.72,5,4.95,7,3.49,6,4.03,4,1.07,7,2.54,4
GreenBounty Supermarket,Supermarket,2024-05-24,103.496,2.144,4.77,7,2.87,7,4.72,3,3.92,7,1.98,4,2.25,3,3.27,4,3.36,3,4.28,5,3.02,4,3.11,3,3.5,5,3.93,3,4.14,7,4.36,4,4.71,7,3,7,1.99,3,4.77,6
Purely Fresh Market,Supermarket,2024-07-28,103.881,1.143,3.79,4,4.32,3,2.67,5,2.71,7,4.64,3,2.82,4,2.93,4,2.65,7,4.76,7,4.82,5,4.2,7,4.41,6,2.68,5,4.26,5,2.77,3,3.42,4,2.71,4,3.55,7,3.16,7
FreshView Superstore,Supermarket,2024-07-26,104.395,0.663,2.24,4,3.43,7,3.3,5,2.77,5,1.22,6,4.85,7,2.24,3,3.12,5,3.34,5,3.2,4,3.91,6,4.2,7,4.95,5,4.05,4,3.84,6,4.18,5,0.93,3,2.19,4,1.19,4
Nature’s Bloom Grocers,Supermarket,2024-06-22,104.645,0.456,2.57,7,2.08,6,3.44,3,2.54,5,2.87,5,2.3,4,3.45,7,3.8,5,4.6,3,4.35,7,2.24,7,2.09,3,4.23,4,4.34,7,3.79,3,3.02,7,0.92,7,1.19,4,2.11,4
GreenPulse Market,Supermarket,2024-06-09,103.583,1.816,4.88,3,2.9,7,2.06,6,4.82,4,4.72,4,2.37,5,3.08,5,3.1,5,2.24,4,3.61,4,4.16,3,3.22,3,4.27,5,4.97,7,4,4,4.89,3,3.1,6,4.1,6,2.5,3
PureChoice Supermarket,Supermarket,2024-05-02,103.206,1.441,3.94,3,2.52,6,3.46,4,4.32,4,1.89,7,2.78,3,4.61,5,4.08,3,3.77,3,2.07,5,4.06,3,3.53,5,3.54,4,3.82,5,4.54,7,2.84,6,4.79,3,2.36,7,3.65,7
FreshNest Grocers,Supermarket,2024-06-16,104.362,1.504,4.06,3,2.43,7,2.92,3,4.28,4,2.85,6,4.41,4,2.55,5,4.13,5,2.8,6,3.33,7,4.58,5,3.46,3,3.48,3,3.22,4,4.83,6,2.61,6,1.98,4,2.92,3,3.26,5
VitalBounty Market,Supermarket,2024-07-06,103.34,1.668,3.94,3,4.19,3,2.81,3,3.1,6,2.88,3,3.79,5,3.53,4,4.41,5,4.7,6,2.9,4,4.74,7,4.02,7,4.04,6,3.23,3,2.93,5,3.11,4,1.66,5,1.94,5,4.99,6
PureWellness Superstore,Supermarket,2024-06-14,104.28,1.851,3.09,7,3.11,6,2.65,4,2.34,6,0.89,3,2.09,4,4.3,6,3.43,4,3.05,6,4.26,7,2.44,3,2.35,3,2.3,6,2.31,6,4.16,3,3.4,5,1.9,5,2.73,7,2.4,4
FreshGarden Market,Supermarket,2024-06-19,103.483,0.6,4.88,4,2.15,4,3.66,7,4.68,7,4.95,6,2.71,4,2.56,6,3.74,4,2.79,5,2.92,3,3.43,4,4.86,3,3.64,7,4.56,3,2.64,6,4.93,6,3.74,6,4.47,3,2.39,7
Nature’s Joy Grocers,Supermarket,2024-06-20,103.485,0.665,3.96,6,3.16,3,3.91,4,2.52,6,1.83,6,2.23,3,2.37,3,3.96,4,4.98,7,3.81,4,2.86,4,4.43,4,3.38,5,2.66,5,2.53,6,4.31,6,2.01,7,0.83,4,2.53,5
GreenEra Market,Supermarket,2024-05-29,104.451,0.761,2.47,3,2.57,3,4.41,7,4.04,7,2.05,4,3.61,7,4.6,6,2.88,7,4.29,3,2.63,4,4.41,6,3.41,7,2.57,7,3.01,5,4.05,7,4.55,6,2.78,6,4.54,5,2.7,6
PureTaste Supermarket,Supermarket,2024-06-18,103.486,1.363,3.84,6,2.62,3,2.93,4,4.77,7,3.41,6,4.05,5,3.99,5,3.24,7,3.62,5,4.22,7,4.72,4,3.91,7,4.77,5,3.59,7,3.38,7,4.3,4,3.92,4,1.02,7,0.99,6
FreshJourney Grocers,Supermarket,2024-06-23,103.456,0.86,3.28,7,4.02,6,3.44,4,3.04,4,1.48,3,3.2,4,2.15,4,3.18,3,3.58,4,4.79,6,3.62,3,4.23,6,2.19,4,3.37,7,4.12,5,4.8,4,2.32,5,1.98,5,3.04,6
Nature’s Palette Market,Supermarket,2024-07-13,104.222,2.264,4.19,7,3.34,3,3.03,6,2.26,4,0.87,4,4.48,6,4.75,7,3.61,3,2.16,5,4.22,3,3.88,5,3.03,4,3.26,5,3.2,6,2.96,4,2.34,6,4.68,5,2.87,7,3.61,7
GreenWave Grocers,Supermarket,2024-05-22,103.324,2.13,4.56,7,4.27,6,3.11,7,3.52,5,2.11,6,2.42,7,3.13,5,4.94,3,3.48,7,4.07,6,2.42,5,3.38,3,4.42,7,2.2,3,2.14,5,4.6,3,1.27,4,3.37,5,2.8,5
PureEssence Market,Supermarket,2024-05-27,103.087,2.278,4.74,7,4.07,4,3.15,5,3.24,5,1.36,4,2.02,7,2.6,6,3.38,6,2.23,4,2.73,6,4.46,4,3.41,6,2.7,6,3.53,3,4.69,6,4.15,7,2.07,7,2.91,4,4.6,4
FreshValley Superstore,Supermarket,2024-05-19,104.66,1.368,3.34,5,3.41,3,2.35,5,2.76,6,3.13,6,3.86,5,3.16,6,3.68,5,3.59,6,4.38,5,3.62,4,2.71,6,3.04,7,2.13,6,2.56,4,2.73,5,1.9,4,2.56,4,1.64,4
Nature’s Best Grocers,Supermarket,2024-05-19,102.919,1.049,3.89,5,4.4,4,2.58,4,2.54,4,3.51,5,3.92,4,4.46,3,2.95,5,4.54,3,3.24,5,2.25,3,2.43,3,2.88,4,2.67,6,2.56,7,4.69,5,3.77,7,3.69,7,4.57,7
GreenNest Market,Supermarket,2024-06-16,104.182,0.663,3.68,3,3.94,6,2.08,7,4.78,6,1.32,5,4.25,4,3.51,4,2.24,7,4.3,4,2.56,6,3.93,5,4.19,6,2.6,7,2.17,5,3.34,5,4.9,6,3.2,5,2.94,3,2.78,5
PureHarvest Supermarket,Supermarket,2024-05-03,103.585,1.189,3.31,4,2.63,6,4.71,4,4.43,4,0.87,5,4.45,4,3.96,3,4.19,3,2.16,6,3.73,4,2.03,5,4.84,5,3.53,6,4.18,4,4.89,4,3.96,5,1.5,7,3.1,3,4.48,3
FreshWay Grocers,Supermarket,2024-07-08,104.321,0.523,2.45,3,3.16,6,2.12,4,4.94,7,1.07,7,2.32,4,3.55,3,4.45,7,2.67,5,3.49,5,3.49,3,2.43,6,3.16,6,4.49,5,4.62,7,3.8,3,2.42,7,1.19,4,3.59,7
Nature’s Prime Market,Supermarket,2024-07-20,104.815,0.755,2.11,6,3.86,3,3.86,6,2.4,6,4.89,5,2.55,3,2.44,4,2.51,3,4.1,3,4.66,3,2.08,3,2.54,7,4.04,7,2.11,4,3.88,7,4.3,5,1.36,5,1.29,4,1.69,5
GreenChoice Superstore,Supermarket,2024-07-15,102.947,2.04,4.34,4,2.25,4,4.12,5,4.47,6,1.78,6,3.6,6,2.62,3,4.96,5,4.29,7,4.11,7,4.35,5,3.52,3,3.13,7,4.29,5,3.69,5,2.98,4,3.58,7,3.87,5,0.98,7
Grand Buffet,Restaurant/Food outlet,2024-06-24,103.876,1.445,3.71,5,2.17,3,2.3,5,4.82,5,1.44,5,2.5,7,4.72,3,4.5,4,3.06,3,2.41,5,2.93,6,4.52,7,4.57,5,3.86,5,4.49,5,4.19,3,3.89,7,1.4,6,1.8,3
Feast & Fest,Restaurant/Food outlet,2024-07-23,103.841,0.886,3.14,6,3.8,7,3.73,4,3.39,4,1.72,4,2.56,7,2.51,5,4.04,5,4.49,5,3.2,3,3.78,4,4.54,6,4.45,5,3.01,3,2.3,4,2.02,4,4.88,7,2.4,4,4.81,6
All-You-Can-Eat,Restaurant/Food outlet,2024-07-29,102.867,0.853,3.99,7,4.86,4,2.77,5,3.19,7,1.21,5,3.53,7,4.49,3,4.71,4,4.94,3,4.21,7,3.84,7,3.66,7,2.55,6,4.07,5,3.88,7,3.94,4,1.25,7,2.53,7,2.84,7
Bountiful Buffet,Restaurant/Food outlet,2024-06-27,104.773,0.868,2.33,5,2.83,4,2.95,7,3.42,6,2.43,4,2.04,4,4.85,4,3.88,3,2.36,5,4.19,3,3.91,4,3.58,4,4.3,6,4.74,3,3.23,5,4.35,7,3.96,3,3.34,5,1.03,4
Endless Eats,Restaurant/Food outlet,2024-06-03,103.385,1.613,2.72,4,3.21,3,2.25,5,4.14,3,3,7,2.17,7,3.67,6,2.41,5,3.9,5,2.01,7,2.25,3,2.88,5,2.67,3,3.09,4,3.59,5,4.5,3,3.64,4,3.02,5,2.72,7
Unlimited Delights,Restaurant/Food outlet,2024-07-31,103.357,1.209,4.9,3,2.62,4,2.53,7,2.67,3,3.06,4,2.33,7,3.07,6,3.96,5,2.65,5,4.94,6,3.18,7,2.56,6,2.7,4,3.32,6,4.45,4,3.35,3,4.81,3,1.75,5,2.22,5
Mega Munch,Restaurant/Food outlet,2024-06-19,103.576,0.525,2.93,3,3.9,3,3.42,3,4.73,5,1.9,4,4.4,3,4.1,4,3.71,7,2.5,6,3.49,3,4.97,7,3.68,3,2.21,4,4.36,6,3.51,3,2.22,6,1.34,6,4.89,3,4.31,3
Buffet Bliss,Restaurant/Food outlet,2024-05-30,103.404,0.738,3.99,6,4.65,5,4.03,7,4.34,7,1.92,6,3.33,4,2.39,3,3.57,4,3.44,5,3.93,6,3.27,6,3.83,7,4.42,5,3.21,6,4.17,3,2.01,6,1.4,6,4.2,7,3.9,7
Feast Frenzy,Restaurant/Food outlet,2024-06-20,103.681,1.543,2.5,7,2.88,4,2.55,5,3.96,4,1.33,7,3.14,5,4.87,7,2.1,7,3.81,3,2.9,4,4.85,3,3.93,4,2.74,7,3.09,5,3.99,4,3.42,4,2.1,4,4.99,3,2.59,5
Plentiful Plates,Restaurant/Food outlet,2024-05-29,104.742,1.167,4.04,4,4.24,4,2.4,3,2.74,4,2.94,3,3.5,7,3.54,7,2.26,4,2.6,4,3.23,3,3.22,7,2.69,4,4.03,5,2.62,7,3.27,3,4.2,4,1.42,3,3.56,6,3.26,5
The Grand Gourmet,Restaurant/Food outlet,2024-06-14,103.444,1.449,2.91,5,2.84,4,2.44,6,3.66,3,1.97,6,2.21,5,3.53,4,2.42,3,3.99,5,2.58,6,3.16,7,4.53,6,4.78,7,4.96,4,3.09,7,2.32,3,3.65,7,0.99,3,4.64,3
Luxe Dining,Restaurant/Food outlet,2024-07-16,103.723,0.303,2.64,6,4.33,6,3.85,4,4.18,3,2.68,7,3.91,4,4.96,3,4.23,7,3.02,4,3.25,6,2.46,6,3.94,3,4.51,3,3.63,3,3.51,3,2.81,4,1.34,4,2.14,7,1.21,6
The Prestige Plate,Restaurant/Food outlet,2024-06-06,103.198,1.585,4.31,6,3.11,7,2.87,4,2.28,3,3.79,4,3.28,5,2.91,4,3.7,4,3.53,4,4.31,6,3.86,6,4.56,5,2.34,7,2.64,5,4.08,5,4.64,5,1.4,7,3.25,4,0.9,3
Opulent Eats,Restaurant/Food outlet,2024-07-03,102.889,1.818,4.64,3,3.56,7,2.48,6,4.47,6,1.46,7,4.91,6,3.7,4,3.51,5,3.88,6,4.4,4,4.97,4,2.37,6,3.47,5,2.79,4,4.05,7,3.54,7,3.23,4,2.84,4,2.92,4
High Class Cuisine,Restaurant/Food outlet,2024-05-18,104.523,1.967,2.19,6,3.14,5,2.31,4,3.07,6,1.94,3,2.64,6,2.08,6,2.36,3,4.2,5,3.19,7,2.25,5,3.82,3,3.38,5,2.82,6,2.31,4,3.14,5,4.39,5,2.25,3,2.95,7
The Elite Eatery,Restaurant/Food outlet,2024-07-30,104.726,1.609,2.52,4,4.8,6,3.85,4,4.14,6,4.53,4,4.88,7,2.61,6,4.73,5,2.63,3,4.09,6,2.14,6,3.4,3,3.15,6,2.98,5,4.11,3,2.56,3,1.33,5,1.3,3,1.32,4
Majestic Meals,Restaurant/Food outlet,2024-06-21,103.751,1.799,3.24,3,2.09,3,4.18,3,4.59,5,1.81,4,3.36,6,2.97,7,2.88,3,4.67,3,2.8,3,3.9,6,2.67,7,2.82,6,3.47,5,4.82,7,4.4,6,1.08,7,1.76,6,1.58,4
The Pinnacle Plate,Restaurant/Food outlet,2024-06-09,103.121,1.591,4.98,6,4.56,6,4.82,6,2.13,4,4.2,7,3.6,6,4.43,4,2.21,7,4.18,5,3.44,5,3.09,5,2.32,7,3.51,3,2.61,3,2.86,6,3.06,7,2.8,6,1.54,6,3.57,5
Noble Nosh,Restaurant/Food outlet,2024-06-28,104.694,0.942,2.38,4,2.34,5,4.5,3,3.09,4,2.27,7,4.93,6,2.23,3,3.5,3,4.28,7,3.89,7,4.99,7,2.22,5,3.69,4,2.54,6,2.97,4,3.27,6,2.45,6,4.16,6,1.84,3
Supreme Selections,Restaurant/Food outlet,2024-05-30,103.099,2.029,4.45,3,3.81,6,4,6,4.53,3,3.98,5,2.89,6,3.51,7,4.45,4,4.69,5,3.1,3,2.43,4,3.96,7,3.37,5,3.35,6,2.3,5,3.8,6,1.46,3,2.09,7,3.74,3
Whole Wellness,Restaurant/Food outlet,2024-07-11,103.222,2.056,3.48,7,4.45,3,3.2,4,4.53,5,4.67,7,3.86,3,3.33,3,2.81,7,2.87,6,4.7,4,3.08,5,3.25,6,2.21,6,3.34,4,4.1,5,2.17,7,2.81,5,1.68,4,0.95,5
Health Haven,Restaurant/Food outlet,2024-06-19,103.399,2.086,4.28,6,4.15,4,3.82,7,3.41,3,3.38,5,2.37,3,3.8,5,4.84,4,2.98,7,4.12,5,3.11,5,4.83,3,2.95,7,2.37,5,4.32,7,4.62,4,4.23,6,1.32,3,4.35,4
Organic Oasis,Restaurant/Food outlet,2024-06-06,104.199,2.209,3.49,6,4.37,3,4.17,6,3.38,4,2.11,6,4.65,6,4.29,6,4.33,3,2.25,5,4,3,3.14,7,2.83,6,3.94,6,3.81,5,3.06,7,3.13,4,1.27,7,1.08,6,2.88,5
Pure Produce,Restaurant/Food outlet,2024-06-20,102.842,1.839,2.79,7,3.43,4,4.71,3,2.15,4,1.25,7,2.85,5,4.48,6,3.9,6,4.58,7,2.23,5,3.17,3,2.7,7,2.51,6,4.19,4,2.02,3,2.79,3,0.84,3,4.83,4,1.05,5
Vitality Market,Restaurant/Food outlet,2024-07-03,104.411,0.312,4.58,7,4.23,7,2,5,2.55,5,5,7,2.99,3,3.69,3,3.33,7,2.7,7,2.83,5,3.33,6,4.21,4,3.81,5,4.28,7,4.76,4,2.08,3,4.16,6,1.63,5,1.66,7
Nature's Health,Restaurant/Food outlet,2024-07-20,104.463,2.167,2.75,3,4.27,7,4.69,4,4.26,6,2.52,3,3.95,5,4.31,7,3.29,6,3.06,5,3.92,5,4.12,3,3.79,6,2.25,6,3.47,3,4.06,7,3.98,6,2.58,3,1.73,5,4.19,4
Wellness Warehouse,Restaurant/Food outlet,2024-06-30,104.708,0.531,4.92,4,4.26,3,3.89,5,2.2,5,1.21,3,3.29,4,3.49,5,4.64,4,4.33,5,3.11,7,3.85,7,2.19,4,4.48,4,2.46,3,3.37,3,2.72,3,3.91,5,4.56,7,4.23,6
Natural Nutrition,Restaurant/Food outlet,2024-07-07,103.602,1.602,3.74,6,2.14,6,3.65,3,3.08,3,4.35,5,2.02,7,3.6,5,4.29,3,4.21,3,3,4,2.08,4,3.31,5,4.29,6,2.21,5,4.24,7,4.43,7,0.8,5,4.41,7,2.71,6
Green Goodness,Restaurant/Food outlet,2024-07-26,103.358,1.461,3.38,5,4.19,6,3.16,5,2.55,3,4.54,7,4.81,4,4.82,3,3.38,5,3.96,6,4.26,4,3.62,5,2.25,5,4.85,5,2.75,5,4.81,6,4.7,4,1.11,3,3.34,6,2.15,6
Smokey's BBQ,Restaurant/Food outlet,2024-07-22,104.677,0.602,2.5,7,2.52,7,4.13,3,2.98,3,1.66,4,4.6,5,2.88,7,2.27,3,2.2,7,4.97,7,4.41,4,4.52,3,4.46,7,4.91,4,4.78,4,3.81,7,4.77,4,3.65,7,4.87,6
Grill & Thrill,Restaurant/Food outlet,2024-05-10,104.503,1.03,3.93,6,3.16,3,2.32,5,2.3,3,2.41,5,3.36,5,2.42,4,4.29,3,2.88,5,2.19,7,4.56,6,3.59,5,4.95,7,3.85,4,2.11,4,2.63,3,3.56,5,2.3,5,3.43,5
Pitmasters,Restaurant/Food outlet,2024-05-30,104.593,0.611,2.94,7,2.77,5,4.89,6,4.46,3,3.54,4,2.51,6,4.1,5,2.56,6,2.86,6,2.69,7,4.28,6,4.92,6,3.16,3,3.16,5,3.29,5,2.51,6,2.49,6,4.96,6,2.15,6
Barbecue Barn,Restaurant/Food outlet,2024-06-13,103.914,0.584,2.05,4,4.32,7,3.68,7,3.27,6,4.55,4,3.54,4,3.71,6,4.67,4,2.31,3,3.63,6,4.05,5,4.83,5,4.61,7,4.65,4,4.57,7,3.93,5,1.33,7,1.88,3,1.57,5
The Smokehouse,Restaurant/Food outlet,2024-07-09,103.631,0.287,4.57,4,2.57,4,4.17,3,3.66,3,3.77,6,3.1,5,4.05,4,3.49,7,2.55,4,4.73,3,4.21,4,4.97,4,2.36,5,4.45,7,3.61,4,4.89,4,3.53,4,1.07,3,4.54,6
Ribs & Rubs,Restaurant/Food outlet,2024-07-01,104.16,0.434,4.55,4,2.83,6,4.03,6,3.3,3,2.76,5,3.65,3,3.91,6,3.96,3,3.51,3,4.59,4,2.9,4,4.42,4,2.77,3,2.6,3,4.15,5,3.48,7,3.69,4,4.6,3,4.98,3
Fire & Flavor,Restaurant/Food outlet,2024-06-15,102.875,2.123,4.59,5,2.94,7,2.9,3,3.13,5,4.25,3,2.75,3,3.41,3,4.42,7,3.83,4,3.91,4,2.67,3,3.45,3,2.67,5,2.36,6,4.33,3,2.83,6,3.39,5,2.67,7,2.11,6
Sizzle & Smoke,Restaurant/Food outlet,2024-06-08,103.19,2.188,3.89,3,4.26,3,2.98,4,3.04,4,0.89,7,3.95,7,4.2,7,2.23,6,4.91,3,4.11,7,4.89,3,3.6,3,3.77,4,3.19,4,3.9,3,2.73,6,1.86,4,2.57,7,3.55,5
Backyard BBQ,Restaurant/Food outlet,2024-05-13,104.569,0.819,3.32,7,3.54,5,2.6,3,4.43,3,4.73,5,3.62,7,2.75,3,3.21,4,2.15,6,2.92,3,4.39,4,3.62,5,3.72,4,4.01,3,4.3,4,2.64,5,4.39,4,3.81,6,3.22,4
Flame & Fork,Restaurant/Food outlet,2024-07-26,102.995,1.179,2.95,6,4,3,3.25,3,4.96,6,4.06,5,2.66,7,3.57,6,2.05,5,3.62,3,3.02,3,3.81,6,2.34,7,2.49,5,3.05,3,2.14,4,2.79,6,2.11,5,4.68,6,2.31,3
Sunrise Café,Restaurant/Food outlet,2024-07-13,104.567,1.114,3.63,3,3.82,3,4.86,4,2.01,4,2.81,5,4.72,3,2.73,5,2.6,7,2.81,3,4.66,3,3.04,6,4.07,7,3.24,5,2.97,4,2.01,3,3.67,7,3.77,4,3.13,5,3.22,5
Morning Munch,Restaurant/Food outlet,2024-05-19,104.21,0.808,2.89,4,4.29,3,4.81,5,3.61,4,4.45,5,2.68,7,4.79,5,4.11,5,2.81,3,3.03,6,3.98,6,2.81,5,4.98,6,3.98,4,2.67,6,3.7,7,1.15,5,1.25,5,2.39,5
Breakfast Bistro,Restaurant/Food outlet,2024-07-29,103.494,2.262,3.76,4,3.43,4,4.59,5,2.47,7,3.53,4,2.03,7,4.87,7,2.86,6,2.97,6,3.09,4,2.29,4,2.4,4,3.39,5,3.09,5,4.57,5,4,7,3.12,4,1.75,4,1.89,4
The Egg & I,Restaurant/Food outlet,2024-07-14,104.714,0.632,2.27,7,4.82,4,4.21,7,4.86,4,1.42,6,3.39,3,4.2,3,4.66,6,3,4,2.79,6,4.45,5,4.7,7,4.31,6,3.02,7,3.14,7,3.91,7,4.09,3,3.66,3,4.84,3
Pancake Palace,Restaurant/Food outlet,2024-06-21,104.7,1.848,2.1,4,2.54,6,4.64,3,4.37,7,3.9,4,3.41,7,2.59,5,3.91,7,3.59,3,2.54,3,3.4,4,4.6,4,3.93,5,3.26,4,3.99,5,3.9,6,3.61,5,2.26,5,3.2,5
Brunch & Munch,Restaurant/Food outlet,2024-05-03,104.02,0.314,4.36,4,3.49,7,4.28,3,2.51,3,2.5,3,4.67,7,3.68,7,4.14,3,2.4,3,4.12,6,4.99,5,4.27,7,3.58,3,2.18,3,4.8,4,3.22,3,3.67,6,1.14,6,1.97,7
The Breakfast Nook,Restaurant/Food outlet,2024-07-17,103.026,1.36,4.95,4,2.99,4,4.51,5,2.93,7,4.33,5,3.18,3,3.19,4,3.09,3,2.43,5,4.27,3,3.98,3,4.33,5,4.5,5,3.01,3,3.11,6,4.18,4,4.56,5,4.44,3,2.41,5
Dawn Diner,Restaurant/Food outlet,2024-05-10,103.327,1.275,4.1,6,3.9,4,3.39,7,4.16,3,3.72,5,3.67,7,2.34,3,3.32,6,2.42,5,3.94,4,2.23,5,3.19,6,2.32,3,3.38,5,3.31,5,2.93,6,3.39,6,2.41,7,4.15,5
AM Eats,Restaurant/Food outlet,2024-05-03,104.763,1.257,3.2,7,2.01,3,3.04,3,4.66,5,4.58,5,4.76,3,2.32,7,2.67,3,3.18,5,3.08,5,4.86,4,4.79,4,3.31,7,4.15,4,3.16,4,2.03,3,3.58,4,2.36,5,4.85,5
Rolling Feast,Restaurant/Food outlet,2024-06-26,102.876,1.699,2.77,4,3.65,4,4.58,4,4.53,5,1.75,5,2.56,4,3.09,3,3.76,5,2.29,6,3.03,3,4.13,4,4.32,3,2.42,6,2.77,4,4.51,7,4.18,7,3.61,3,3.58,7,3.65,4
Mobile Munchies,Restaurant/Food outlet,2024-05-16,104.164,0.591,2.16,5,2.52,5,2.09,5,2.01,4,3.46,6,2.61,7,4.29,6,4.79,5,4.74,6,4.43,6,3.67,5,2.57,3,4.17,7,2.59,4,3.62,7,2.09,3,1.17,6,1.78,3,3.69,5
Street Eats,Restaurant/Food outlet,2024-07-24,104.225,0.641,3.65,7,2.55,5,2.51,5,3.2,6,4.78,5,3.65,7,4.06,6,2.99,3,3.61,6,4.78,5,3.96,6,2.21,5,3.98,6,2.96,5,3.64,5,3.33,7,1.62,3,4.68,7,4.93,7
On-the-Go Gourmet,Restaurant/Food outlet,2024-07-11,103.798,0.343,3.76,7,2.88,5,2.58,3,2.92,6,0.83,5,3.32,6,2.4,5,3.42,7,4.75,6,3.81,3,3.58,5,2.61,7,2.97,4,4.55,6,2.15,5,3.54,3,1.25,3,4.45,5,2.38,3
Curbside Cuisine,Restaurant/Food outlet,2024-06-12,104.044,1.175,4.95,6,2.08,7,2.21,4,3.43,6,2.11,3,3.19,5,4.14,5,4.11,4,4.99,6,3.11,7,4.52,4,2.93,7,3.12,7,4.59,6,4.25,6,4.16,3,4.4,5,3.1,4,2.63,4
Roaming Delights,Restaurant/Food outlet,2024-05-19,104.442,0.468,4.21,3,2.74,5,3.74,4,3.85,7,2.35,6,4.71,4,3.79,4,2.32,3,4.49,3,2.8,7,4.91,4,4.52,3,3.8,5,2.39,7,4.1,5,4.22,7,4.88,5,2.51,6,1.44,4
Foodie Wheels,Restaurant/Food outlet,2024-05-14,103.141,1.994,4.29,7,4.49,6,3.3,3,4.49,5,1.39,6,4.64,6,2.36,4,4.36,5,4.52,3,2.28,4,3.54,5,4.41,4,2.15,3,4.43,6,3.38,6,4.13,7,2.11,6,4.34,6,1.11,5
The Traveling Table,Restaurant/Food outlet,2024-06-20,104.746,0.36,2.31,3,2.47,3,3.72,3,3.2,6,4.68,5,4.29,7,3.5,3,2.66,7,2.08,5,2.5,5,3.83,6,2.74,5,4.78,6,4.4,3,4.49,4,4.06,5,1.7,7,2.46,7,1.89,6
Cart Cuisine,Restaurant/Food outlet,2024-05-14,102.874,1.303,4.07,3,2.42,4,3.8,7,4.27,4,2.72,7,3.4,4,3.95,5,2.3,5,2.83,4,4.88,3,4.27,4,3.23,5,3.84,3,4.74,4,2.8,3,2.87,4,3.82,4,4.43,4,2.2,7
Prime Cuts,Restaurant/Food outlet,2024-06-13,102.918,1.429,2.49,7,3.35,3,3.11,4,3.64,5,4.63,3,3.45,4,4.78,7,2.91,4,2.97,5,3.62,3,2.97,7,2.6,4,3.97,3,2.41,6,3.21,6,2.33,4,3.98,3,2.4,6,2.94,6
The Steakhouse,Restaurant/Food outlet,2024-05-20,103.558,0.904,2.59,5,3.11,7,4.29,3,2.5,6,2.69,4,4.42,4,3.47,4,4.71,7,3.98,7,4.7,6,2.29,4,4.23,6,4.09,4,3.16,4,3.17,7,4.92,7,1.49,6,1.77,3,4.09,4
Grilled Greatness,Restaurant/Food outlet,2024-07-23,103.62,0.738,2.54,7,2.09,6,2.82,7,3.49,3,4.36,5,4.3,3,4.81,6,4.31,3,3.51,4,3.92,6,4.42,3,2.39,4,2.5,5,3.76,4,3.11,4,3.71,3,4.96,5,1.83,4,2.22,6
Meat & Greet,Restaurant/Food outlet,2024-07-27,104.274,0.65,4.42,6,4.55,5,2.35,3,2.14,7,3.94,7,4.46,6,3.4,3,3.71,3,3.68,5,4.13,7,4.23,4,3.2,3,2.21,5,4.03,5,3.31,7,2.11,3,4.17,5,4.71,3,3.28,3
Beef & Barrel,Restaurant/Food outlet,2024-06-15,103.515,1.433,2.84,5,3.96,4,4.43,4,4.26,7,3.46,3,4.18,7,4.36,4,3.4,5,2.99,3,4.89,5,3.11,7,4.63,5,3.17,6,4.38,5,3.35,3,3.61,7,4.87,3,3.12,6,3.16,4
The Butcher's Block,Restaurant/Food outlet,2024-05-18,104.501,0.539,3.04,3,4.6,4,4.63,3,4.53,4,4.49,3,3.91,4,2.09,7,3.49,5,2.79,4,2.54,3,2.43,5,2.28,3,3.19,5,4.39,4,3.37,5,3.22,7,1.27,7,1.6,4,3.3,5
Carnivore's Crave,Restaurant/Food outlet,2024-06-03,104.228,1.236,2.96,5,4.87,4,3.63,6,3.86,6,2.26,3,2.28,7,3.5,3,4,5,3.61,5,5,5,4.51,4,2.76,6,2.79,6,2.27,7,4.5,7,4.23,6,2.17,3,2.08,3,3.76,4
Sizzling Steaks,Restaurant/Food outlet,2024-06-21,103.438,1.638,3.03,6,4.35,3,3.61,4,3.7,6,2.76,4,3.37,4,3.66,3,2.56,5,2.31,6,4.22,5,3.64,4,2.88,7,3.31,4,4.05,4,3.71,4,2.63,3,1.36,4,4.96,7,2.61,5
The Chop House,Restaurant/Food outlet,2024-06-04,103.453,1.027,2.56,5,4.19,6,2.8,7,2.08,6,4.77,4,2.48,4,3.13,4,3.44,4,3.12,5,4.4,3,4.71,5,2.46,3,2.31,7,4.49,4,4.24,4,3.24,5,4.19,7,4.6,3,2.83,5
East Meets West,Restaurant/Food outlet,2024-05-11,104.395,2.12,3.7,6,2.39,7,2.19,6,4.44,3,2.67,4,2.15,5,3.36,3,3.73,6,2.9,4,4.51,7,4.61,7,2.61,6,3.09,5,4.07,3,4.6,3,3.26,3,2.55,5,3.66,7,1.54,3
Fusion Fare,Restaurant/Food outlet,2024-07-17,103.124,0.803,2.14,7,3.45,7,2.57,7,3.96,5,3.85,7,2.64,7,3.86,7,4.88,4,3.73,6,3.13,6,3.81,4,2.99,4,2.6,5,4.84,3,2.97,4,4.02,3,4.98,5,4.18,3,2.15,5
Asian Essence,Restaurant/Food outlet,2024-06-14,103.994,0.445,2.18,4,4.93,5,3.07,4,4.13,6,1.64,7,4.11,3,4.66,6,3.28,5,2.08,3,4.81,7,3.61,7,2.16,3,3.93,6,3.35,5,4.81,3,3.19,4,1.17,3,4.01,7,0.82,4
Mixed Magic,Restaurant/Food outlet,2024-07-19,104.194,1.665,3.12,6,4.14,3,4.41,4,3.68,4,4.7,7,3.19,4,2.66,6,2.56,3,3.75,5,3.8,7,4.39,3,3.42,6,3.04,7,4.67,5,4.04,4,4.67,3,4.4,4,1.45,6,4.32,3
Harmony Kitchen,Restaurant/Food outlet,2024-07-31,103.941,1.792,2.32,4,2.64,4,4.28,5,3.34,4,4.35,6,4.78,7,4.82,6,4.21,6,3.99,3,4.91,5,4.19,3,3.88,4,4.45,5,2.68,6,2.17,6,3.55,7,2.42,5,3.93,3,3.15,4
United Flavors,Restaurant/Food outlet,2024-05-20,104.771,1.703,2.5,7,4.33,6,4.79,5,2.22,3,3.41,7,2.33,5,2.11,6,4.43,4,2.79,5,3.91,7,4.36,5,3.21,6,3.7,5,2.66,4,3.46,6,3.41,3,4.99,7,4.74,4,1.62,6
Blended Bites,Restaurant/Food outlet,2024-06-15,103.837,1.978,3.64,4,3.22,4,3.32,5,4.12,5,4.65,4,2.17,4,2.46,5,3.34,3,3.86,3,4.23,6,2.6,3,3.57,5,3.73,5,3.88,5,4.72,6,3.53,3,3.82,5,0.89,6,4.9,5
Cultural Cuisine,Restaurant/Food outlet,2024-06-24,103.523,1.781,3.01,5,2.29,7,2.37,4,2.47,3,1.35,5,4.65,4,3.9,3,3.68,4,3.5,6,4.39,5,2.66,6,3.65,7,2.26,4,4.69,4,3.65,5,4.41,7,1.55,3,0.89,4,4,7
Pan-Asian Plate,Restaurant/Food outlet,2024-05-16,103.098,0.588,4.66,4,2.27,6,2.98,3,3.44,7,2.85,6,2.08,6,4.31,4,4.55,5,3.91,6,4.18,4,3.95,7,4.73,3,3.16,3,3.96,6,4.51,3,4.05,3,1.29,5,2.72,5,4.29,6
Sub Station,Restaurant/Food outlet,2024-05-02,104.147,1.134,2.97,5,2.64,6,4.52,7,4.67,7,2.3,6,2.09,6,2.56,3,2.82,6,3.21,5,4.54,5,3.59,4,3.62,5,3.69,4,3.95,7,3.75,7,3.2,4,3.33,4,3.4,4,2.11,6
Bread & Spread,Restaurant/Food outlet,2024-06-25,103.484,1.563,3.68,3,2.59,4,2.65,4,3.99,3,4.05,4,2.56,5,3.9,6,3.02,7,4.82,6,2.83,7,3.95,3,2.55,6,2.14,4,3.27,5,2.08,4,3.73,3,2.79,6,0.91,5,3.24,5
Sandwich Central,Restaurant/Food outlet,2024-06-05,104.438,1.606,3.3,6,3.55,3,2.94,5,2.89,3,2.79,5,4.05,5,4.81,5,3.67,5,4.67,7,4.09,5,2.61,4,4.57,5,3.62,3,4.25,4,4.48,4,3.05,4,0.87,6,2.14,3,1.96,5
The Deli Counter,Restaurant/Food outlet,2024-07-23,104.745,1.596,4.75,7,3.49,5,4.52,4,2.05,6,3.26,4,4.3,3,3.71,4,3.02,7,4.04,3,2.42,3,4.07,5,2.32,7,3.72,5,2.88,4,3.01,5,2.86,4,1.2,7,1.78,3,3.47,6
Stack & Stuff,Restaurant/Food outlet,2024-05-02,103.629,1.16,2.92,6,3.58,5,3.71,6,2.13,7,1.46,6,2.08,4,4.95,6,4.09,6,2.11,5,3.49,7,2.79,7,2.49,5,3.18,6,2,4,2.1,5,3.53,6,3.47,3,3.62,6,3.36,3
The Sub Shop,Restaurant/Food outlet,2024-06-15,103.021,0.964,3.7,4,4.47,7,3.95,5,3.32,4,3.09,5,3.32,6,3.04,3,3.86,7,3.31,3,4.59,5,3.93,4,3.7,4,4.98,4,2.94,5,4.16,7,4.08,5,4.61,7,1.97,7,0.95,7
Layered Lovin',Restaurant/Food outlet,2024-05-16,103.325,0.988,2.31,7,4.46,5,2.49,5,4.2,6,1.37,6,2.58,3,4.11,3,4.52,3,3.32,5,2.22,6,2.9,6,3.05,4,2.35,3,3.13,5,4.66,4,4.9,7,2.22,6,2.41,4,4.52,3
Hoagie Haven,Restaurant/Food outlet,2024-06-30,104.583,1.628,4.29,7,3.78,4,4.15,5,4.54,5,3.08,4,4.51,7,2.7,3,4.66,4,4.8,5,2.71,4,4.12,7,3.43,7,4.48,7,2.97,6,2.93,5,3.4,6,3.19,7,4.45,5,3.21,6
Panini Palace,Restaurant/Food outlet,2024-05-04,104.767,2.246,2.7,6,2.59,7,2.83,5,3.88,3,3.33,4,4.24,6,4.35,4,4.3,7,3.45,7,3.82,4,4.86,5,4.58,5,2.94,4,3.22,3,3.34,7,4.28,4,4.26,7,4.27,6,4.43,4
Artisan Eats,Restaurant/Food outlet,2024-05-13,104.337,1.813,4.94,4,2.87,5,2.47,5,3.31,6,1.52,5,4.24,3,3.7,5,3.99,4,3.31,6,4.16,5,4.85,3,4.45,7,4.27,4,2.57,3,3.94,7,3.32,4,4.25,4,4.66,5,4.09,7
Gourmet Grocer,Restaurant/Food outlet,2024-05-24,103.886,1.31,3.51,6,4.33,7,2.34,7,4.11,3,1.98,5,2.49,6,3.82,6,4.95,4,3.89,4,4.7,7,4.58,7,4.65,5,3.88,5,3.95,4,3.72,6,4.65,4,1.02,3,2.33,6,3.27,6
Delicatessen Delight,Restaurant/Food outlet,2024-07-12,102.997,1.244,2.67,5,3.28,3,3.03,5,3.05,6,4.02,3,2.74,7,4.6,5,2.62,7,4.86,7,4.99,7,4.92,6,3.78,5,2.67,4,4.73,3,4.7,4,2.24,6,4.12,6,3.07,3,4.55,4
Specialty Selections,Restaurant/Food outlet,2024-06-29,103.355,1.3,2.86,4,4.62,4,4.07,4,4.08,6,2.78,3,2.82,4,4.86,6,2.36,3,4.75,3,3.29,4,4,5,3.03,7,4.62,3,4.19,6,3.06,5,2.8,5,4.04,3,3.41,4,4.81,4
Unique Bites,Restaurant/Food outlet,2024-07-05,103.761,0.449,3.1,7,2.14,3,4.41,5,3.66,5,2.65,4,3.25,3,4.45,3,4.76,5,2.74,6,2.99,6,2.65,4,3.61,5,2.11,4,3.96,6,4.31,5,2.65,6,2.33,4,1.6,6,3.34,3
Craft & Crave,Restaurant/Food outlet,2024-07-16,103.76,0.463,4.05,4,4.47,7,4.98,6,3.36,6,3.75,7,4.31,6,4.85,7,4.56,6,4.16,7,4.29,3,2.53,3,2.22,4,4.69,3,2.01,5,3.68,4,4.49,6,3.44,6,3.95,6,3.82,4
Boutique Bites,Restaurant/Food outlet,2024-06-14,104.115,2.247,3.18,5,3.6,3,2.92,4,2.28,4,3.72,7,3.8,7,3.12,7,2.8,6,2.59,6,4.09,7,3.27,6,3.1,5,4.96,3,4.26,6,4.19,7,4.26,6,0.88,3,2.96,5,1.05,6
Fancy Fare,Restaurant/Food outlet,2024-06-21,102.918,0.428,3.34,6,4.91,6,4.42,4,3.71,3,3.57,5,2.6,3,2.41,5,3.24,3,3.37,5,4.24,6,4.41,4,2.8,6,2.82,5,2.15,5,2.2,4,2.42,6,1.77,4,3.08,4,0.82,5
Handpicked Harvest,Restaurant/Food outlet,2024-07-10,103.117,1.906,3.66,3,2.39,7,2.05,5,2.23,3,1.22,3,4.15,4,2.39,5,3.82,7,4.59,4,2.3,5,4.28,5,2.41,7,2.3,3,3.83,3,3.1,5,4.24,6,4.27,7,3.54,4,4.02,3
Casual Corner,Restaurant/Food outlet,2024-06-23,103.792,0.977,4.75,7,2.94,6,4.47,4,4.63,6,2.56,7,3.33,7,3.65,3,2.95,4,3.77,3,4.82,6,2.55,3,4.37,3,4.56,7,2.68,7,2.11,3,4.39,6,1.43,5,2.79,7,3.54,4
Laid Back Bistro,Restaurant/Food outlet,2024-06-21,103.036,1.683,3,4,4.97,6,2.64,7,2.58,5,3.07,4,4.78,5,4.55,3,3.82,7,2.15,3,3.12,6,4,4,4.67,3,4.09,7,3.46,7,3.85,3,4.91,5,1.65,5,4.03,4,2.3,6
Chill & Grill,Restaurant/Food outlet,2024-06-08,104.112,0.578,4.98,6,4.31,4,3.15,4,4.4,5,4.53,4,4.89,5,3.06,4,2.11,4,3.73,4,4.81,4,2.7,6,4.1,6,2.55,4,2.43,7,3.34,7,3.68,3,3.67,5,3.18,3,4.18,6
Relaxed Eats,Restaurant/Food outlet,2024-05-12,103.069,2.184,4.47,7,3.89,7,4.14,7,4.42,7,4.32,5,4.5,5,2.38,5,4.08,7,4.88,7,2.04,4,3.14,5,4.99,7,4.76,3,2.83,3,2.81,5,4.71,4,3,4,1.41,5,4.64,6
Cozy Café,Restaurant/Food outlet,2024-07-22,104.474,0.984,4.73,3,4.05,5,4.51,6,4.25,7,4.96,6,4.43,6,3.66,7,2.36,5,2.32,6,4.54,3,3.64,5,3.6,6,2.13,5,2.04,7,4.43,4,2.21,5,1.34,5,4.85,5,1.04,4
Down Home Diner,Restaurant/Food outlet,2024-06-17,104.076,1.265,4.94,7,4.34,4,2.74,4,3.64,7,3.59,4,2.44,3,4.11,7,3.98,4,2.22,6,3.51,4,4.15,5,4.91,6,4.36,7,2.77,5,3.39,5,2.17,7,4.62,4,2.89,7,2.14,4
Comfort Kitchen,Restaurant/Food outlet,2024-07-12,103.846,0.798,4.62,4,2.31,7,2.91,6,2.24,4,1.46,3,4.67,4,4.67,3,3.27,6,4.59,5,4.01,4,4.8,6,2.2,7,2.4,3,4.76,5,4.2,3,2.33,7,4.82,6,4.92,5,3.86,6
Leisure Lounge,Restaurant/Food outlet,2024-06-30,103.098,1.678,4.26,6,3.96,7,4.08,4,2.01,5,4.47,3,3.3,4,3.81,6,3.89,6,3.93,4,2.81,5,2.55,5,2.08,7,4.82,4,2.53,6,2.44,7,2.06,5,2.63,4,4.14,6,1.2,3
Easy Eats,Restaurant/Food outlet,2024-05-15,104.672,1.666,2.34,6,4.93,7,2.18,6,3.4,6,2.66,6,3.31,7,3.78,6,4.97,5,2.27,7,4.82,4,2.14,4,4.93,5,3.17,6,4.68,4,4.45,7,3.38,5,4.13,6,1.66,3,1.01,4
Family Feast,Restaurant/Food outlet,2024-05-21,104.471,1.791,2.59,4,3.26,5,2.24,6,2.36,7,4.79,6,2.6,5,4.17,6,4.29,4,2.54,6,4.06,3,4.28,6,4.43,6,2.67,3,3.38,5,2.98,7,4.57,3,3.08,3,3.03,3,2.72,6
Home Plate,Restaurant/Food outlet,2024-05-16,104.126,1.867,3.55,6,3.37,7,2.4,3,4.55,4,4.72,4,2.54,6,2.24,4,3.86,4,2.4,5,2.51,6,2.81,3,4.35,3,3.91,6,2.89,3,4.32,4,4.05,6,1.47,6,0.97,6,2.24,6
Gather & Dine,Restaurant/Food outlet,2024-07-02,103.371,1.098,3.19,5,2.13,6,2.33,5,3.6,3,1.43,7,4.44,7,3.67,3,4.48,3,2.19,3,3.06,4,2.66,6,4.09,4,3.03,6,3.11,6,3.95,6,4.56,6,1.78,3,1.56,4,3.34,4
Kids' Korner,Restaurant/Food outlet,2024-06-28,103.174,1.401,2.33,5,4.78,4,3.99,4,3.59,7,2.01,5,2.83,5,2.63,3,3.62,4,3.24,6,4.1,7,3.42,7,3.8,4,3.93,3,3.23,6,2.71,4,4.17,4,4.97,6,3.53,4,4.71,7
Generations Grill,Restaurant/Food outlet,2024-05-18,103.212,1.134,3.18,5,4.24,6,3.61,7,3.83,6,2.68,7,4.31,4,4.69,6,3.08,7,4.29,4,2.94,6,4.55,6,4.41,6,4.85,6,3.22,3,3.3,7,2.42,5,3.75,4,4.52,7,4.15,6
Hearth & Home,Restaurant/Food outlet,2024-06-03,103.968,0.751,4.33,4,3.6,5,4.65,5,4.55,5,3.02,5,2.13,5,2.99,5,3.1,3,3.29,7,2.23,4,4.5,7,4.06,5,3.72,3,3.42,3,3.85,3,4.99,7,3.27,4,3.77,3,3.27,4
Friendly Fork,Restaurant/Food outlet,2024-05-04,103.951,1.523,2.01,7,4.39,6,2.07,5,4.42,3,4.31,4,2.81,6,3.56,5,2.72,7,2.99,3,3.29,4,3.29,4,3.11,3,2.42,5,4.5,5,2.46,3,4.84,5,2.05,5,2.13,3,1.77,5
Together Table,Restaurant/Food outlet,2024-06-19,104.713,1.147,4.19,7,3.16,3,3.92,7,4.83,4,4.91,4,4.6,6,3.47,7,3.1,5,3.95,7,4.11,4,3.45,7,4.36,7,4.85,6,3.18,5,4.93,3,2.05,4,2.08,6,3.52,7,4.35,3
Cozy Corner,Restaurant/Food outlet,2024-06-08,103.537,0.424,3.59,5,2.02,7,2.06,7,2.89,6,4.96,3,2.61,7,2.63,5,4.65,5,4.61,4,3.61,6,3.91,5,3.04,3,3.42,3,3.54,4,2.75,6,3.58,6,3.76,6,2.54,3,2.42,6
Burger Barn,Restaurant/Food outlet,2024-05-30,103.903,1.97,2.7,3,3.37,6,4.63,4,4.03,5,3.07,6,2.07,3,4.26,7,3.17,3,2.73,6,2.95,6,2.91,6,2.69,7,4.51,4,4,3,3.1,3,2.91,3,2.61,3,1.18,3,4.31,7
Quick Bites,Restaurant/Food outlet,2024-05-26,103.034,0.985,4.92,5,2.02,5,2.81,3,3.26,4,4.12,4,3.87,7,2.52,6,3.87,6,3.94,6,3.19,7,4.17,3,4.99,6,2.75,3,4.92,7,4.67,4,3.57,7,3.9,5,4.61,6,4.14,4
Speedy Subs,Restaurant/Food outlet,2024-07-24,103.213,1.194,4.68,7,4.58,4,4.5,5,3.52,3,4.98,4,2.19,5,2.35,5,3.35,4,3.13,6,4.11,7,4.48,5,2.52,7,3.04,6,2.94,4,3.83,6,2.52,4,4.11,6,3.38,4,1.31,6
Fast Lane Fries,Restaurant/Food outlet,2024-05-05,103.223,0.836,2.25,3,4.92,5,3.07,6,4.15,4,3.28,4,2.67,5,4.47,7,3.01,7,3.78,7,2.18,3,2.28,4,4.47,3,3.84,5,2.62,7,2.58,3,3.72,7,2.35,3,3.95,5,3.62,7
Rapid Wraps,Restaurant/Food outlet,2024-06-11,103.862,0.332,3.84,7,3.03,3,2.81,5,2.79,6,3.08,6,4.19,7,4.26,4,3.54,6,4.16,5,4.42,7,3.73,5,2.33,4,4.8,4,2.46,5,4.57,5,2.81,3,3.22,5,0.82,5,1.19,7
Hot Dog Haven,Restaurant/Food outlet,2024-05-25,104.804,1.168,3,6,3.86,3,4.75,7,3.99,6,3.88,5,2.23,6,3.7,6,4.83,3,2.03,6,2.86,4,4.14,6,4.13,6,2.59,7,3.9,4,4.24,4,2.08,7,4.07,6,3.4,4,3.04,3
Chicken Coop,Restaurant/Food outlet,2024-05-11,104.513,2.19,2.24,3,2.09,5,3.84,3,4.38,7,3.98,7,2.81,3,4.9,5,3.35,3,2.73,4,2.94,7,3.35,4,2.35,3,3.32,6,4.92,4,4.88,6,3.95,7,4.7,3,1.1,7,4.63,3
Pizza Plaza,Restaurant/Food outlet,2024-06-01,103.684,0.503,2.54,3,4.1,5,3.01,5,3.2,4,1,5,3.57,5,3.98,7,4.37,7,2.69,7,4.34,4,2.11,3,3.48,7,3.54,6,2.75,7,3.82,3,2.62,3,2.69,5,1.61,5,1.92,6
Snack Shack,Restaurant/Food outlet,2024-06-06,104.707,0.935,2.32,4,3.26,3,2.88,6,2.38,6,4.05,4,3.19,5,4.16,5,4.84,6,4.64,6,3.36,4,4.24,4,4.53,6,2.01,6,2.3,6,3.99,3,3.88,3,1.75,7,3.5,6,2.64,7
Olive Branch,Restaurant/Food outlet,2024-06-24,103.217,0.45,2.38,3,3.9,4,3.32,4,2.53,7,2.75,3,3.46,3,2.39,4,3.28,4,3.22,3,3.47,3,3.33,3,2.13,6,4.25,5,3.31,3,4.89,4,3.76,6,4.53,7,4.14,5,2.4,7
The Greek Table,Restaurant/Food outlet,2024-07-03,103.8,1.179,4.97,5,4.57,6,4.64,6,3.8,5,4.29,7,2.2,6,3.39,6,4.07,4,3.15,6,2.54,7,3.76,4,2.18,4,2.74,6,2.22,6,2.18,7,2.43,6,2.46,7,1.52,6,3.09,6
Hummus Haven,Restaurant/Food outlet,2024-07-04,104.223,1.676,3.59,5,3.86,4,4.87,3,3.15,5,3.38,5,4.93,7,2.93,7,3.96,7,3.57,6,3.82,7,2.75,5,3.56,7,2,7,4.79,4,4.67,7,3.97,7,1.34,5,3.65,5,0.96,7
Pita Palace,Restaurant/Food outlet,2024-06-31,103.376,0.586,3.28,6,2.42,3,3.04,5,3.64,7,1.66,4,3.81,5,3.77,4,3.52,4,3.68,5,4.51,6,3.85,4,4.3,5,4.07,7,3.29,7,3.37,7,2.9,4,2.44,3,1.98,3,2.56,7
Mezze Magic,Restaurant/Food outlet,2024-05-02,104.16,1.893,3.82,4,4.96,4,3.41,7,2.5,6,4.26,4,2.55,6,3.21,4,2.93,4,4.66,7,2.94,6,4.69,5,2.44,6,2.72,4,2.2,5,4.71,6,3.89,4,3.19,6,3.59,7,2.25,4
Mediterranean Breeze,Restaurant/Food outlet,2024-06-11,104.283,1.946,3.96,3,4.35,7,2.72,5,4.75,6,1.45,6,3.66,3,2.66,7,2.22,5,4.8,4,2.59,7,2.69,3,2.31,5,2.27,3,3.31,4,2.77,5,2.15,5,1.54,5,4.92,5,3.62,5
Gyro Grill,Restaurant/Food outlet,2024-07-14,104.479,1.306,3.43,3,2.07,7,3.9,3,3.01,6,1.39,4,2.29,3,3.51,4,4.2,7,3.51,7,2.53,6,2.05,4,4.33,7,3.18,6,2.91,5,2.71,4,3.09,6,1.16,3,3.03,3,4.22,4
Aegean Delight,Restaurant/Food outlet,2024-07-09,104.019,1.718,4.39,6,4.92,4,3.97,5,3.03,4,2.87,6,4.79,4,4.08,3,3.55,7,4.49,6,3.69,6,3.91,6,2.73,4,2.07,3,4.44,3,2.18,6,2.38,4,4.91,4,2.91,5,4.72,3
Falafel Feast,Restaurant/Food outlet,2024-05-24,102.837,0.484,2.51,5,4.15,6,3.26,6,4.49,5,3.34,3,2.94,6,2.22,3,4.15,7,3.25,4,3.64,6,2.95,6,4.95,4,3.24,7,2.9,6,4.44,3,3.41,4,3.95,3,4.04,7,2.51,5
Spice Route,Restaurant/Food outlet,2024-05-21,103.251,1.065,4.26,5,3.06,6,4.63,3,4.96,5,1.72,4,4.4,4,3.76,4,2.84,5,4.62,7,3.99,4,4.72,5,2.66,3,4.98,5,4.37,5,3.57,7,2.79,7,2.25,6,2.79,3,3.73,3
Curry Corner,Restaurant/Food outlet,2024-06-31,104.264,1.206,4.02,3,3.47,6,4.12,4,2.09,7,3.24,7,2.25,4,4.96,3,4.27,5,3.41,4,3.17,6,2.37,5,4.13,4,3.86,6,4.28,6,2.49,5,3.39,5,4.86,3,1.24,6,1.6,5
Taj Mahal,Restaurant/Food outlet,2024-05-24,103.285,1.495,2.46,6,2.16,3,4.21,6,4.67,3,4.22,3,3.09,7,3.98,4,2.65,3,2.45,6,3.67,3,2.31,7,4.73,4,2.74,4,3.65,3,2.38,3,2.7,3,1.92,3,0.86,7,4.98,3
Bombay Bistro,Restaurant/Food outlet,2024-07-31,103.09,0.44,3.43,4,3.01,5,3.51,3,3.13,5,3.27,5,3.43,5,2.57,6,3.26,5,4.96,7,3.42,4,2.73,6,4.61,5,4.41,6,4.36,7,3.25,7,3.22,5,2.36,6,4.41,3,4.34,4
Saffron Spice,Restaurant/Food outlet,2024-07-09,104.677,0.451,3.49,7,2.7,4,2.08,6,3.96,6,3.98,6,2.79,6,3.48,3,3.8,6,3.07,7,2.83,3,3.93,4,4.47,4,3.79,6,2.04,4,3.58,4,4.27,6,1.63,7,1.47,7,4.56,7
Masala Magic,Restaurant/Food outlet,2024-05-10,102.964,1.403,3.2,6,2.79,7,3.58,5,3.77,4,3.19,5,4.3,3,3.3,6,2.02,6,4.61,3,4.47,3,3.95,5,2.7,4,4.8,7,2.91,4,4.36,3,4.52,5,1.6,6,2.14,6,4.03,6
Tandoori Tales,Restaurant/Food outlet,2024-07-14,103.81,2.208,2.96,3,3.96,6,4.16,5,4.24,5,3.53,3,3.52,3,2.68,3,2.38,7,2.99,3,2.71,7,4.45,4,3.76,4,4.33,3,4.26,5,3.35,3,2.47,6,1.16,3,3.19,7,2.92,3
Nirvana,Restaurant/Food outlet,2024-05-12,103.782,1.366,4.87,5,3.13,7,3.72,6,3.21,7,3.85,3,2.55,5,3,4,2.54,6,4.57,5,4.16,4,2.33,6,3.72,3,2.68,7,3.8,6,4.63,3,4.03,4,4.97,6,0.96,5,4.36,4
Biryani Bistro,Restaurant/Food outlet,2024-07-25,104.334,0.886,2.81,6,4.46,5,2.32,4,4.82,7,3.11,5,4.92,6,4.37,7,4.16,3,3.82,7,3.26,4,4.4,7,2.19,7,3.64,7,3.22,6,3.11,7,3.63,5,4.23,7,1.86,7,1.81,3
Kyoto Kitchen,Restaurant/Food outlet,2024-06-14,104.716,2.28,3.96,6,4.46,5,3.04,6,3.94,7,1.04,7,3.85,3,2.18,7,4.34,6,2.66,3,3.01,6,4.18,4,2.09,4,3.55,7,3.18,5,4.78,7,4.32,7,3.11,6,1.44,4,1.95,4
Dragon Palace,Restaurant/Food outlet,2024-05-29,103.534,1.979,4.13,6,4.35,6,4.71,6,4.49,6,0.91,6,2.65,4,4.17,4,4.35,7,3.83,7,2.43,6,4.33,4,2.71,6,3.72,6,2.9,5,3.26,5,4.33,5,4.81,5,2.27,6,3.77,4
Panda Express,Restaurant/Food outlet,2024-07-10,103.181,0.653,3.13,6,3.59,6,4.88,4,2.98,4,0.9,3,3.96,3,3.03,3,4.2,5,4.39,6,3.37,4,3.65,3,3.34,4,4.25,4,3.93,4,4.63,3,2.44,4,2.08,3,2.38,3,3.12,5
Golden Wok,Restaurant/Food outlet,2024-06-11,104.121,0.601,4.13,7,2.21,5,3.11,3,4.95,4,4.34,7,3.95,5,3.31,5,4.51,5,4.94,4,4.92,6,3.95,7,4.3,3,3.73,5,4.58,5,2.96,7,4.8,7,3.39,4,2.97,3,1.38,4
Silk Road Bistro,Restaurant/Food outlet,2024-05-15,103.769,0.812,2.44,6,3.56,6,4.26,7,3.44,4,4.37,6,3.07,7,2.1,3,4.24,5,2.45,3,2.92,4,2.33,3,4.6,6,3.18,7,4.09,6,2.62,4,4.14,5,4.62,3,4.7,5,2.09,3
Lucky Bamboo,Restaurant/Food outlet,2024-07-28,103.711,1.324,4.73,3,3.98,4,3.33,3,4.31,7,4.51,4,4.34,7,3.53,7,3.7,4,3.46,5,2.74,7,4.81,3,3.33,4,4.05,5,4,3,2.97,7,4.69,7,1.01,7,3.84,3,1.63,6
Jade Garden,Restaurant/Food outlet,2024-06-06,103.193,0.288,4.46,6,3.39,6,4.9,5,4.03,5,3.25,7,2.67,3,2.31,6,3.32,4,3.86,4,4.18,3,4.7,4,3.46,6,4.74,7,4.41,7,4.06,5,3.42,6,1.11,7,2.24,7,2.02,4
Mandarin Magic,Restaurant/Food outlet,2024-06-08,104.11,0.894,4.64,3,4.74,5,2.65,4,4.99,3,3.74,3,3.1,4,2.73,5,4.45,3,3.02,7,4.25,3,2.15,4,3.45,4,3.33,5,4.13,4,3.69,3,4.18,6,3.81,6,2.33,4,2.97,4
Beijing Bistro,Restaurant/Food outlet,2024-07-24,103.171,1.173,3.42,7,2.35,7,3.27,6,4.19,5,1.63,6,2.57,6,4.57,4,2.75,3,3.56,4,4.13,5,3.77,4,2.89,3,4.48,5,4.6,4,4.97,6,3.17,4,0.92,4,3.84,6,2.95,3
Great Wall Kitchen,Restaurant/Food outlet,2024-07-20,103.569,1.991,3.17,5,2.2,7,3.57,6,3.74,7,4.6,3,3.23,3,4.44,3,4.78,4,3.11,3,2.11,3,2.87,6,2.31,4,4.1,3,4.37,5,3.75,6,3.76,6,3.41,5,2.61,4,2.32,5
Pompous Eateries,Restaurant/Food outlet,2024-05-20,102.957,2.083,4.4,6,3.93,4,2.05,6,2.31,6,2.9,6,4.62,4,3.79,4,4.16,5,3.96,6,3.62,7,2.41,7,4.85,5,4.27,3,4.24,6,4.42,5,3.76,5,1.08,4,4.89,4,0.89,4
Aachen Delicacies,Restaurant/Food outlet,2024-05-12,102.933,1.392,2.98,6,3.15,5,3.21,7,2.63,6,4.9,6,3.29,3,2.26,3,3.83,5,4.92,5,3.93,5,2.25,3,3.21,7,4.76,4,4.33,4,2.14,5,3.66,5,4.99,7,1.85,6,1.42,4